项目（单位：万元）,中心/区域,板块业务分类,业务板块-分析汇报一级,组织标签,实际（营收）,预算（营收）,预算完成率（营收）,预实差异（营收）,同期（营收）,实际值（物资）,预算值（物资）,预算完成率（物资）,同期值（物资）,实际值（餐）,预算值（餐）,预算完成率（餐）,同期值（餐）,实际值（毛利）,预算值（毛利）,预算完成率（毛利）,同期值（毛利）,实际（毛利率）,预算（毛利率）,预实差异（毛利率）,同期（毛利率）,实际值（人力）,预算值（人力）,预算完成率（人力）,同期值（人力）,实际值（其他）,预算值（其他）,预算完成率（其他）,同期值（其他）,实际值（外收）,预算值（外收）,同期值（外收）,实际值（外支）,预算值（外支）,同期值（外支）,实际（利润）,预算（利润）,预算完成率（利润）,预实差异（利润）,同期（利润）,实际值（利润率）,预算值（利润率）,预实差异（利润率）,同期值（利润率）,实际值（人力成本率）,预算值（人力成本率）,预算完成率（人力成本率）,同期值（人力成本率）,实际值（创收）,预算值（创收）,预算完成率（创收）,同期值（创收）,实际值（创利）,预算值（创利）,预算完成率（创利）,同期值（创利）,实际值（人数）,预算值（人数）,预实差异（人数）,同期值（人数）,实际值（人均人力）,同期值（人均人力）,预算值（人均人力）,预实差异（人均人力）,看板取值标记
大后勤合计,,,,,"34,994.32","46,268.35",75.63%,"-11,274.03","24,769.43","17,045.45","25,791.89",66.09%,"10,303.73","2,163.41","2,405.95",89.92%,"1,968.50","15,785.46","18,070.52",87.35%,"12,497.20",45.11%,39.06%,6.05%,50.45%,"8,211.28","8,939.74",91.85%,"6,055.02","6,917.08","7,295.57",94.81%,"5,866.56",60.28,11.16,32.32,43.16,2,1.61,674.22,"1,844.36",36.56%,"-1,170.14",606.33,1.93%,3.99%,-2.06%,2.45%,23.46%,19.32%,91.85%,24.45%,4.26,5.18,82.34%,4.09,0.08,0.21,39.80%,0.1,"1,517.29","1,537.57",-20.29,"1,108.00",5.41,5.46,5.81,-0.4,
后勤管理中心,后勤管理中心,,,,"8,529.11","8,780.51",97.14%,-251.4,"8,803.04",0.5,0,,-19.95,894.65,955.96,93.59%,945.52,"7,633.96","7,824.54",97.56%,"7,877.46",89.50%,89.11%,0.39%,89.49%,"3,438.90","3,547.63",96.94%,"3,580.48","4,584.37","4,704.52",97.45%,"5,152.09",27.05,10.59,20.47,18.69,0,0.78,-380.95,-417.02,108.65%,36.07,-835.43,-4.47%,-4.75%,0.28%,-9.49%,40.32%,40.40%,96.94%,40.67%,2.48,2.48,100.21%,2.46,-0.11,-0.12,105.76%,-0.23,478.86,568.14,-89.29,561.71,7.18,6.37,6.24,0.94,
教育园特色餐饮,后勤管理中心,教育园特色餐饮,,,"1,388.30","1,461.14",95.02%,-72.84,"1,353.74",0,0,,0.63,574.69,574.35,100.06%,528.07,813.61,886.79,91.75%,825.04,58.60%,60.69%,-2.09%,60.95%,346.25,352.73,98.16%,318.98,157.27,174.12,90.32%,189.78,0.41,0,0.02,1.76,0,0.3,308.75,359.93,85.78%,-51.18,316,22.24%,24.63%,-2.39%,23.34%,24.94%,24.14%,98.16%,23.56%,4.01,4.14,96.79%,4.24,0.89,1.02,87.39%,0.99,66.43,77.86,-11.43,71.71,5.21,4.45,4.53,0.68,营收/利润取值
生活体验广场,后勤管理中心,教育园特色餐饮,教育园特色餐饮,生活体验广场,"1,080.53","1,080.58",100.00%,-0.05,"1,001.74",0,0,,0.63,458.74,437.21,104.92%,401.12,621.79,643.36,96.65%,600,57.54%,59.54%,-1.99%,59.90%,238.86,231.59,103.14%,214.74,129.2,144.1,89.66%,160.66,0.41,0,0,1.44,0,0.3,252.71,267.68,94.41%,-14.97,224.3,23.39%,24.77%,-1.38%,22.39%,22.11%,21.43%,103.14%,21.44%,4.52,4.67,96.95%,4.66,1.06,1.16,91.53%,1.04,45.14,50,-4.86,48.43,5.29,4.43,4.63,0.66,
中西餐厅,后勤管理中心,教育园特色餐饮,教育园特色餐饮,中西餐厅,307.77,380.56,80.87%,-72.79,352.01,0,0,,0,115.95,137.13,84.55%,126.96,191.82,243.43,78.80%,225.05,62.33%,63.97%,-1.64%,63.93%,107.39,121.14,88.65%,104.24,28.07,30.03,93.49%,29.12,0,0,0.02,0.32,0,0,56.04,92.26,60.74%,-36.22,91.71,18.21%,24.24%,-6.03%,26.05%,34.89%,31.83%,88.65%,29.61%,2.87,3.14,91.23%,3.38,0.52,0.76,68.52%,0.88,21.29,27.86,-6.57,23.29,5.05,4.48,4.35,0.7,
念心湖酒店,后勤管理中心,念心湖酒店,,,609.17,685.92,88.81%,-76.75,690.18,0,0,,1.21,154.61,178.23,86.75%,190.83,454.56,507.69,89.53%,498.14,74.62%,74.02%,0.60%,72.18%,270.06,272.23,99.20%,283.42,533.25,542.07,98.37%,522.18,0.35,0,0,1.01,0,0.31,-349.41,-306.61,86.04%,-42.8,-307.77,-57.36%,-44.70%,-12.66%,-44.59%,44.33%,39.69%,99.20%,41.06%,2.26,2.52,89.52%,2.44,-1.29,-1.13,85.13%,-1.09,40.57,49,-8.43,49.71,6.66,5.7,5.56,1.1,营收/利润取值
酒店早餐厅,后勤管理中心,念心湖酒店,酒店本级,酒店早餐厅,155,177,87.57%,-22,175.77,0,0,,0,69.93,84.9,82.37%,88.74,85.07,92.1,92.37%,87.03,54.88%,52.03%,2.85%,49.51%,46.35,47.77,97.02%,47.16,21.92,22.45,97.60%,20.63,0.3,0,0,0.25,0,0.22,16.85,21.87,77.03%,-5.02,19.02,10.87%,12.36%,-1.49%,10.82%,29.90%,26.99%,97.02%,26.83%,3.34,3.71,90.26%,3.73,0.36,0.46,79.39%,0.4,8.57,10,-1.43,10,5.41,4.72,4.78,0.63,
酒店中餐厅,后勤管理中心,念心湖酒店,酒店本级,酒店中餐厅,142.58,156,91.40%,-13.42,171,0,0,,0,84.89,93.33,90.96%,101.15,57.69,62.67,92.05%,69.85,40.46%,40.17%,0.29%,40.85%,132.61,135.57,97.82%,142.04,40.07,36.7,109.16%,35.76,0,0,0,0.04,0,0,-115.04,-109.61,95.04%,-5.43,-107.94,-80.68%,-70.26%,-10.42%,-63.12%,93.01%,86.91%,97.82%,83.06%,1.08,1.15,93.44%,1.2,-0.87,-0.81,92.70%,-0.76,19,24,-5,24.29,6.98,5.85,5.65,1.33,
酒店客房部,后勤管理中心,念心湖酒店,酒店本级,酒店客房部,311.6,352.92,88.29%,-41.32,343.41,0,0,,1.21,-0.21,0,,0.94,0,352.92,0.00%,341.26,0.00%,100.00%,-100.00%,99.37%,91.1,88.89,102.49%,94.22,471.26,482.91,97.59%,465.8,0.05,0,0,0.72,0,0.09,-251.22,-218.88,85.23%,-32.34,-218.85,-80.62%,-62.02%,-18.60%,-63.73%,29.24%,25.19%,102.49%,27.44%,3.42,3.97,86.15%,3.64,-2.76,-2.46,88.01%,-2.32,13,15,-2,15.43,7.01,6.11,5.93,1.08,
海亮后勤车队,后勤管理中心,海亮后勤车队,海亮后勤车队,海亮后勤车队,"2,056.67","2,152.50",95.55%,-95.83,"2,477.13",0,0,,0.23,0,0,,0,0,"2,152.50",0.00%,"2,476.89",0.00%,100.00%,-100.00%,99.99%,667.36,642.55,103.86%,672.4,"1,244.02","1,156.94",107.53%,"1,382.77",25.24,10.59,9.14,11.09,0,0,159.44,363.6,43.85%,-204.16,430.86,7.75%,16.89%,-9.14%,17.39%,32.45%,29.85%,103.86%,27.14%,3.08,3.35,92.00%,3.68,0.24,0.57,42.22%,0.64,54,63,-9,62.57,12.36,10.75,10.2,2.16,营收/利润取值
海亮医院,后勤管理中心,海亮医院,海亮医院,海亮医院,"2,206.35","2,133.25",103.43%,73.1,"2,083.73",0.02,0,,-51.54,0,0,,0,0,"2,133.25",0.00%,"2,135.26",0.00%,100.00%,-100.00%,102.47%,598.1,665.89,89.82%,665.84,696.72,717.41,97.12%,789.01,0.2,0,0.01,0.06,0,-1.34,911.65,749.96,121.56%,161.69,681.77,41.32%,35.16%,6.16%,32.72%,27.11%,31.21%,89.82%,31.95%,3.69,3.2,115.15%,3.13,1.52,1.13,135.34%,1.02,58.29,69.29,-11,68,10.26,9.79,9.61,0.65,营收/利润取值
中心其余业务部门,后勤管理中心,中心其余业务部门,,,599.62,600.98,99.77%,-1.36,636.62,0.48,0,,30.17,165.28,203.39,81.26%,245.71,433.86,397.59,109.12%,360.74,72.36%,66.16%,6.20%,56.67%,454.2,479.54,94.72%,490.89,237.3,224.29,105.80%,154.45,0.86,0,0.38,0.49,0,0,-257.28,-306.24,115.99%,48.96,-284.23,-42.91%,-50.96%,8.05%,-44.65%,75.75%,79.79%,94.72%,77.11%,1.32,1.25,105.34%,1.3,-0.57,-0.64,111.30%,-0.58,96.43,111,-14.57,114.29,4.71,4.3,4.32,0.39,营收/利润取值
后勤加工中心,后勤管理中心,中心其余业务部门,后勤加工中心,后勤加工中心,0,0,,0,0,0.48,0,,0,1.51,1.9,79.56%,3.26,-1.99,-1.9,95.19%,-3.26,,,0.00%,,91.94,101.93,90.20%,109.32,112.74,102.59,109.90%,90.74,0,0,0,0.49,0,0,-207.17,-206.42,99.64%,-0.75,-203.32,,,0.00%,,,,90.20%,,0,0,,0,-2.25,-2.03,88.73%,-1.86,22.43,26,-3.57,26.29,4.1,4.16,3.92,0.18,
科研大厦食堂,后勤管理中心,中心其余业务部门,科研大厦食堂,科研大厦食堂,245.76,239.84,102.47%,5.92,266.87,0,0,,0,163.77,201.49,81.28%,242.45,81.99,38.35,213.78%,24.42,33.36%,15.99%,17.37%,9.15%,178.76,186.49,95.85%,188.78,33.23,51.77,64.19%,39.43,0.5,0,0,0,0,0,-129.5,-199.9,135.22%,70.4,-203.79,-52.69%,-83.35%,30.65%,-76.36%,72.74%,77.76%,95.85%,70.74%,1.37,1.29,106.90%,1.41,-0.72,-1.07,132.42%,-1.08,31.14,37,-5.86,39.43,5.74,4.79,5.04,0.7,
后勤一卡通管理,后勤管理中心,中心其余业务部门,后勤一卡通管理,后勤一卡通管理,46.57,50,93.14%,-3.43,48.24,0,0,,30.11,0,0,,0,46.57,50,93.14%,18.14,100.00%,100.00%,0.00%,37.59%,0,0,,0,89.05,66.16,134.60%,21.83,0,0,0,0,0,0,-42.48,-16.16,-62.87%,-26.32,-3.7,-91.22%,-32.32%,-58.90%,-7.66%,0.00%,0.00%,,0.00%,-1,-1,100.00%,,-1,-1,100.00%,,0,0,0,0,,,,,
湘湖后勤,后勤管理中心,中心其余业务部门,湘湖后勤,湘湖后勤,307.29,311.14,98.76%,-3.85,321.51,0,0,,0.07,0,0,,0,123.79,120.03,103.13%,128.72,40.28%,38.58%,1.71%,40.03%,183.5,191.11,96.02%,192.79,2.27,3.78,60.12%,2.45,0.36,0,0.38,0,0,0,121.88,116.25,104.85%,5.63,126.58,39.66%,37.36%,2.30%,39.37%,59.72%,61.42%,96.02%,59.97%,1.67,1.63,102.86%,1.67,0.66,0.61,109.20%,0.66,42.86,48,-5.14,48.57,4.28,3.97,3.98,0.3,
中心管理部门,后勤管理中心,中心管理部门,,,"1,669.00","1,746.72",95.55%,-77.72,"1,561.64",0,0,,-0.65,0.07,0,,-19.09,"1,668.93","1,746.72",95.55%,"1,581.38",100.00%,100.00%,0.00%,101.26%,"1,102.93","1,134.69",97.20%,"1,148.95","1,715.80","1,889.68",90.80%,"2,113.89",-0.02,0,10.92,4.28,0,1.52,"-1,154.10","-1,277.65",109.67%,123.55,"-1,672.07",-69.15%,-73.15%,4.00%,-107.07%,66.08%,64.96%,97.20%,73.57%,1.51,1.54,98.30%,1.36,-1.05,-1.13,107.07%,-1.46,163.14,198,-34.86,195.43,6.76,5.88,5.73,1.03,营收/利润取值
后勤安全管理部,后勤管理中心,中心管理部门,后勤安全管理部,后勤安全管理部,19.13,22.36,85.55%,-3.23,17.72,0,0,,0,0,0,,0,19.13,22.36,85.55%,17.72,100.00%,100.00%,0.00%,100.00%,427.66,413.4,103.45%,427.62,81.65,98.47,82.92%,81.13,0.28,0,0.51,2.7,0,0,-492.6,-489.51,99.37%,-3.09,-490.52,-2575.01%,-2189.21%,-385.80%,-2768.72%,2235.52%,1848.84%,103.45%,2413.64%,0.04,0.05,82.70%,0.04,-1.15,-1.18,102.72%,-1.15,65.71,78,-12.29,77.57,6.51,5.51,5.3,1.21,
后勤餐饮运营部,后勤管理中心,中心管理部门,后勤餐饮运营部,后勤餐饮运营部,21.47,25.34,84.73%,-3.87,29.69,0,0,,-0.65,0.07,0,,-19.09,21.4,25.34,84.46%,49.43,99.68%,100.00%,-0.32%,166.48%,162.72,150.38,108.21%,145.88,14.22,38.47,36.97%,46.04,-0.38,0,8.26,0.84,0,0.11,-156.76,-163.51,104.13%,6.75,-134.34,-730.14%,-645.28%,-84.85%,-452.47%,757.90%,593.46%,108.21%,491.33%,0.13,0.17,78.30%,0.2,-0.96,-1.09,111.40%,-0.92,18,23,-5,22.29,9.04,6.55,6.54,2.5,
后勤管理中心总监室,后勤管理中心,中心管理部门,后勤管理中心总监室,后勤管理中心总监室,0,63.16,0.00%,-63.16,0,0,0,,0,0,0,,0,0,63.16,0.00%,0,,100.00%,-100.00%,,28.46,38.58,73.78%,48.04,353.93,408.85,86.57%,367.22,0,0,0,0,0,0,-382.39,-384.26,100.49%,1.87,-415.26,,-608.40%,608.40%,,,61.08%,73.78%,,0,1.64,0.00%,0,-13.43,-9.96,65.12%,-8.64,0.86,1,-0.14,2.71,33.21,17.7,38.58,-5.37,
后勤物业管理部,后勤管理中心,中心管理部门,后勤物业管理部,后勤物业管理部,"1,628.39","1,635.86",99.54%,-7.47,"1,514.23",0,0,,0,0,0,,0,"1,628.39","1,635.86",99.54%,"1,514.23",100.00%,100.00%,0.00%,100.00%,484.09,532.33,90.94%,527.4,"1,266.00","1,343.90",94.20%,"1,616.85",0.08,0,2.14,0.74,0,1.41,-122.36,-240.37,149.09%,118.01,-629.29,-7.51%,-14.69%,7.18%,-41.56%,29.73%,32.54%,90.94%,34.83%,3.36,3.07,109.46%,2.87,-0.25,-0.45,144.02%,-1.19,78.57,96,-17.43,90.29,6.16,5.84,5.55,0.62,
后勤综合管理部,后勤管理中心,中心管理部门,后勤综合管理部,后勤综合管理部,0,0,,0,0,0,0,,0,0,0,,0,0,0,,0,,,0.00%,,0,0,,0,0,0,,2.65,0,0,0.01,0,0,0,0,0,0.00%,0,-2.64,,,0.00%,,,,,,-1,-1,100.00%,0,-1,-1,100.00%,-528.29,0,0,0,2.57,,0,,,
三大区域,三大区域,,,,"18,936.15","30,302.34",62.49%,"-11,366.19","7,755.98","13,000.74","21,590.46",60.22%,"4,409.37","1,274.39","1,479.53",86.13%,"1,022.88","4,661.03","7,232.34",64.45%,"2,323.73",24.61%,23.87%,0.75%,29.96%,"3,341.39","3,704.60",90.20%,"1,317.19","1,856.12","2,079.37",89.26%,589.99,31.18,0.57,10.22,23.46,2,0.79,-528.78,"1,446.94",-36.54%,"-1,975.72",425.98,-2.79%,4.78%,-7.57%,5.49%,17.65%,12.23%,90.20%,16.98%,5.67,8.18,69.28%,5.89,-0.16,0.39,-40.52%,0.32,895.29,721.14,174.14,391.86,3.73,3.36,5.14,-1.4,
西南区域,三大区域,西南区域,,,"10,150.74","12,974.26",78.24%,"-2,823.52","5,836.59","7,232.74","9,328.24",77.54%,"3,692.33",660.33,646.48,102.14%,628.05,"2,257.67","2,999.55",75.27%,"1,516.20",22.24%,23.12%,-0.88%,25.98%,"1,331.49","1,469.37",90.62%,594.03,993.95,961.55,103.37%,370.74,25.99,0.51,4.72,19.55,2,0.01,-61.33,567.13,-10.81%,-628.46,556.13,-0.60%,4.37%,-4.98%,9.53%,13.12%,11.33%,90.62%,10.18%,7.62,8.83,86.34%,9.83,-0.05,0.39,-11.93%,0.94,393.29,281.14,112.14,199.57,3.39,2.98,5.23,-1.84,营收/利润取值
景东配送,三大区域,西南区域,存量,景东配送,"3,471.83","3,534.66",98.22%,-62.83,"3,287.74","3,007.51","3,029.99",99.26%,"2,724.47",5.76,7.05,81.64%,0.77,464.32,504.67,92.00%,562.5,13.37%,14.28%,-0.90%,17.11%,139.8,172.96,80.83%,186.63,183.16,159.2,115.05%,152.29,1.17,0,1.12,0.44,2,0.01,136.33,163.46,83.40%,-27.13,224.68,3.93%,4.62%,-0.70%,6.83%,4.03%,4.89%,80.83%,5.68%,24.83,20.44,121.52%,17.62,0.98,0.95,103.18%,1.2,30.43,43,-12.57,37.29,4.59,5.01,4.02,0.57,
江陵配送,三大区域,西南区域,存量,江陵配送,"2,040.75","2,446.35",83.42%,-405.6,468.25,"1,679.46","1,897.82",88.49%,378.88,1.04,0,,0,361.29,548.53,65.86%,89.37,17.70%,22.42%,-4.72%,19.09%,120.68,154.63,78.05%,25.78,309.95,312.43,99.21%,58.01,0.55,0,0,0,0,0,-69.84,81.47,-85.73%,-151.31,5.58,-3.42%,3.33%,-6.75%,1.19%,5.91%,6.32%,78.05%,5.51%,16.91,15.82,106.88%,18.17,-0.58,0.53,-109.84%,0.22,26.86,38,-11.14,12,4.49,2.15,4.07,0.42,
陆良配送,三大区域,西南区域,存量,陆良配送,"1,795.39","2,579.96",69.59%,-784.57,0,"1,535.77","2,040.37",75.27%,0,7.9,10.6,74.52%,0,259.62,539.59,48.12%,0,14.46%,20.91%,-6.45%,,132.55,182.45,72.65%,0,185.48,230.07,80.62%,0,1.05,0,0,0,0,0,-65.25,116.47,-56.02%,-181.72,0,-3.63%,4.51%,-8.15%,,7.38%,7.07%,72.65%,,13.54,14.14,95.79%,,-0.49,0.64,-77.11%,,38.43,50,-11.57,0,3.45,,3.65,-0.2,
镇沅配送,三大区域,西南区域,增量,镇沅配送,224.33,895.04,25.06%,-670.71,0,213.14,860.42,24.77%,0,0,0,,0,11.19,34.62,32.33%,0,4.99%,3.87%,1.12%,,6.65,6.62,100.45%,0,1.4,3.21,43.56%,0,0,0,0,0,0,0,3.15,24.79,12.70%,-21.64,0,1.40%,2.77%,-1.37%,,2.96%,0.74%,100.45%,,33.75,135.24,24.95%,,0.47,3.75,12.65%,,0.43,0,0.43,0,15.51,,,,
长顺配送,三大区域,西南区域,增量,长顺配送,0,0,,0,0,0,0,,0,0,0,,0,0,0,,0,,,0.00%,,1.09,0,,0,0.15,0,,0,0,0,0,0,0,0,-1.25,0,0.00%,-1.25,0,,,0.00%,,,,,,0,-1,200.00%,,-1.14,-1,85.65%,,0.14,0,0.14,0,7.65,,,,
康铭景东一中餐厅,三大区域,西南区域,存量,康铭景东一中餐厅,460.42,515.01,89.40%,-54.59,502.97,-0.35,0,,0,296.36,335.68,88.29%,246.48,164.41,179.33,91.68%,256.49,35.71%,34.82%,0.89%,51.00%,99.34,107.37,92.52%,120.68,78,42.01,185.65%,24.67,0.4,0,1.96,0.16,0,0,-12.7,29.95,-42.41%,-42.65,113.1,-2.76%,5.82%,-8.57%,22.49%,21.58%,20.85%,92.52%,23.99%,4.63,4.8,96.62%,4.17,-0.13,0.28,-45.83%,0.94,32.29,38,-5.71,39,3.08,3.09,2.83,0.25,
元谋一中食堂,三大区域,西南区域,存量,元谋一中食堂,437.2,434.63,100.59%,2.57,443.36,0,0,,0,319.21,293.15,108.89%,212.27,117.99,141.47,83.40%,231.09,26.99%,32.55%,-5.56%,52.12%,79.44,88.2,90.07%,82.38,89.34,20.73,431.03%,33.72,18.22,0,0.14,18.21,0,0,-50.79,32.55,-156.05%,-83.34,115.12,-11.62%,7.49%,-19.11%,25.97%,18.17%,20.29%,90.07%,18.58%,5.5,4.93,111.68%,5.38,-0.64,0.37,-173.25%,1.4,30.71,36,-5.29,36.57,2.59,2.25,2.45,0.14,
皓峰无量初中店,三大区域,西南区域,存量,皓峰无量初中店,174.46,126.72,137.67%,47.74,74.71,120.35,88.93,135.33%,50.73,0,0,,0,54.11,37.79,143.19%,23.98,31.02%,29.82%,1.20%,32.10%,7.78,5.58,139.41%,2.79,4.7,6.39,73.46%,1.03,0.32,0,0.37,0.01,0,0,41.94,25.82,162.46%,16.12,20.52,24.04%,20.37%,3.67%,27.47%,4.46%,4.41%,139.41%,3.74%,22.41,22.7,98.75%,26.74,5.39,4.62,116.53%,7.35,3,3,0,1.71,2.59,1.63,1.86,0.73,
皓峰景东彝族海高店,三大区域,西南区域,存量,皓峰景东彝族海高店,334.01,388.31,86.02%,-54.3,382.61,228.85,273,83.83%,261.17,0,0,,0,105.16,115.31,91.20%,121.44,31.48%,29.70%,1.79%,31.74%,18.92,18.44,102.60%,19.88,6.34,3.39,187.00%,2.97,1.4,0,0.26,0.62,0,0,80.68,93.48,86.31%,-12.8,98.84,24.15%,24.07%,0.08%,25.83%,5.67%,4.75%,102.60%,5.20%,17.65,21.05,83.83%,19.24,4.26,5.07,84.12%,4.97,5.14,6,-0.86,6,3.68,3.31,3.07,0.61,
皓峰景东一中店,三大区域,西南区域,存量,皓峰景东一中店,266.91,194.57,137.18%,72.34,225.15,185.73,130.98,141.80%,151.86,0,0,,-10.65,81.18,63.59,127.66%,83.94,30.42%,32.68%,-2.27%,37.28%,18.58,21.42,86.73%,32.64,7.97,13.03,61.16%,5.78,1.69,0.28,0.42,0.01,0,0,56.32,29.43,191.38%,26.89,45.93,21.10%,15.12%,5.98%,20.40%,6.96%,11.01%,86.73%,14.50%,14.37,9.08,158.17%,6.9,3.03,1.37,220.67%,1.41,5.71,7,-1.29,8,3.25,4.08,3.06,0.19,
皓峰天等海高店,三大区域,西南区域,存量,皓峰天等海高店,302.32,245.89,122.95%,56.43,179.55,208.42,171.54,121.50%,125.22,0,0,,0,93.9,74.35,126.29%,54.32,31.06%,30.24%,0.82%,30.26%,14.37,15.86,90.56%,14.42,5.95,6.78,87.66%,6.47,1.2,0.23,0.25,0.1,0,0,74.69,51.94,143.81%,22.75,33.68,24.71%,21.12%,3.58%,18.76%,4.75%,6.45%,90.56%,8.03%,21.04,15.5,135.76%,12.45,5.2,3.27,158.80%,2.34,5,6,-1,4.71,2.87,3.06,2.64,0.23,
天等高中物业服务,三大区域,西南区域,增量,天等高中物业服务,7.73,18.03,42.86%,-10.3,0,0,0,,0,0,0,,0,7.73,18.03,42.85%,0,99.97%,100.00%,-0.03%,,0,0,,0,6.52,8.13,80.29%,0,0,0,0,0,0,0,1.2,9.91,12.11%,-8.71,0,15.52%,54.95%,-39.42%,,0.03%,0.00%,,,"3,718.13",-1,372013.37%,,577.2,-1,57920.06%,,0,0,0,0,,,,,
红培基地劳务派遣,三大区域,西南区域,增量,红培基地劳务派遣,77.78,78.39,99.22%,-0.61,0,0,0,,0,1.67,0,,0,-14.76,2.44,-604.78%,0,-18.97%,3.11%,-22.08%,,92.54,75.95,121.84%,0,1.13,0.36,313.46%,0,0,0,0,0,0,0,-17.55,2.08,-843.75%,-19.63,0,-22.56%,2.65%,-25.22%,,118.97%,96.89%,121.84%,,0.84,1.03,81.44%,,-0.19,0.03,-692.51%,,24.29,0,24.29,0,3.81,,,,
若尔盖食堂劳务外包,三大区域,西南区域,增量,若尔盖食堂劳务外包,491.45,490.75,100.14%,0.7,0,0,0,,0,1.64,0,,0,7.43,49.91,14.89%,0,1.51%,10.17%,-8.66%,,484.02,440.84,109.79%,0,18.12,17.2,105.33%,0,0,0,0,0,0,0,-12.33,32.71,-37.70%,-45.04,0,-2.51%,6.66%,-9.17%,,98.49%,89.83%,109.79%,,1.02,1.11,91.21%,,-0.03,0.07,-34.33%,,180,0,180,0,2.69,,,,
西南元谋集采项目,三大区域,西南区域,存量,西南元谋集采项目,51.54,0,,51.54,0,53.35,0,,0,0,0,,0,-1.81,0,,0,-3.51%,,-3.51%,,0,0,,0,0,0,,0,0,0,0,0,0,0,-1.81,0,0.00%,-1.81,0,-3.51%,,-3.51%,,0.00%,,,,-1,-1,100.00%,,-1,-1,100.00%,,0,0,0,0,,,,,
西南新拓配送业务3,三大区域,西南区域,增量,西南新拓配送业务3,0,0,,0,0,0,0,,0,0,0,,0,0,0,,0,,,0.00%,,0,0,,0,0,0,,0,0,0,0,0,0,0,0,0,0.00%,0,0,,,0.00%,,,,,,-1,-1,100.00%,,-1,-1,100.00%,,0,0,0,0,,,,,
西南新拓配送业务2,三大区域,西南区域,增量,西南新拓配送业务2,0,"1,024.06",0.00%,"-1,024.06",0,0,835.2,0.00%,0,0,0,,0,0,188.86,0.00%,0,,18.44%,-18.44%,,0,29.72,0.00%,0,0,57.33,0.00%,0,0,0,0,0,0,0,0,101.81,0.00%,-101.81,0,,9.94%,-9.94%,,,2.90%,0.00%,,-1,34.46,-2.90%,,-1,3.43,-29.19%,,0,17.14,-17.14,0,,,1.73,,
西南新拓配送业务1,三大区域,西南区域,增量,西南新拓配送业务1,0,0,,0,0,0,0,,0,0,0,,0,0,0,,0,,,0.00%,,0,0,,0,0,0,,0,0,0,0,0,0,0,0,0,0.00%,0,0,,,0.00%,,,,,,-1,-1,100.00%,,-1,-1,100.00%,,0,22.86,-22.86,0,,,0,,
石屏一中食堂,三大区域,西南区域,存量,石屏一中食堂,12.72,0,,12.72,272.26,0.52,0,,0,26.68,0,,179.19,-14.48,0,,93.08,-113.85%,,-113.85%,34.19%,3.32,0,,39.26,2.95,0,,39.18,0,0,0.22,0,0,0,-20.75,0,0.00%,-20.75,14.85,-163.13%,,-163.13%,5.45%,26.10%,,,14.42%,3.83,-1,583.15%,6.93,-6.25,-1,-425.03%,0.38,3,3,0,16.57,1.11,2.37,0,1.11,
琼林育贤科技项目,三大区域,西南区域,存量,琼林育贤科技项目,1.89,1.89,100.00%,0,0,0,0,,0,0,0,,0,1.89,1.89,100.00%,0,100.00%,100.00%,0.00%,,0,0,,0,2.52,2.52,100.00%,0.36,0,0,0,0,0,0,-0.63,-0.63,100.10%,0,-0.36,-33.33%,-33.37%,0.03%,,0.00%,0.00%,,,-1,-1,100.00%,,-1,-1,100.00%,,0,0,0,0,,,,,
西南区域总经理室,三大区域,西南区域,区域管理部门,西南区域总经理室,0,0,,0,0,0,0,,0,0.07,0,,0,-0.07,0,,0,,,0.00%,,112.4,149.32,75.27%,69.57,90.27,78.76,114.62%,46.24,0,0,0,0,0,0,-202.75,-228.08,111.11%,25.33,-115.81,,,0.00%,,,,75.27%,,0,0,,0,-1.8,-1.53,81.91%,-1.66,7.86,11.14,-3.29,5.71,14.31,12.18,13.4,0.9,
北部区域,三大区域,北部区域,,,"1,791.25","6,830.32",26.22%,"-5,039.07","1,107.90",177.03,"4,128.45",4.29%,243.98,567.79,756.88,75.02%,311.47,"1,046.43","1,944.99",53.80%,552.45,58.42%,28.48%,29.94%,49.86%,970.47,"1,149.82",84.40%,432.12,362.71,493.78,73.46%,165.51,2.48,0.06,5.16,3.86,0,0,-288.13,301.45,-95.58%,-589.58,-40.02,-16.09%,4.41%,-20.50%,-3.61%,54.18%,16.83%,84.40%,39.00%,1.85,5.94,31.07%,2.56,-0.3,0.26,-113.25%,-0.09,244.57,235.57,9,133.71,3.97,3.23,4.88,-0.91,营收/利润取值
周口配送,三大区域,北部区域,存量,周口配送,-835.49,385,-217.01%,"-1,220.49",3.51,-808.13,349.6,-231.16%,3.4,0.27,0,,0,-27.36,35.4,-77.29%,0.11,3.27%,9.19%,-5.92%,3.03%,36.77,61.23,60.06%,17.72,34.04,16.85,201.99%,9.71,0.17,0,0,0,0,0,-98.27,-42.69,-30.22%,-55.58,-27.32,11.76%,-11.09%,22.85%,-778.22%,-4.40%,15.91%,60.06%,504.76%,-22.72,6.29,-361.35%,0.2,-2.67,-0.7,-183.35%,-1.54,35.43,19.14,16.29,3.43,1.04,5.17,3.2,-2.16,
周口配送-团仓店,三大区域,北部区域,存量,周口配送-团仓店,0.82,0,,0.82,0,0,0,,0,0,0,,0,0.82,0,,0,100.00%,,100.00%,,1.22,0,,0,1.19,0,,0,0,0,0,0,0,0,-1.59,0,0.00%,-1.59,0,-193.90%,,-193.90%,,148.99%,,,,0.67,-1,267.12%,,-1.3,-1,69.85%,,0,0,0,0,,,,,
长治配送,三大区域,北部区域,增量,长治配送,325.51,997.6,32.63%,-672.09,0,278.02,806.82,34.46%,0,0,0,,0,47.49,190.78,24.89%,0,14.59%,19.12%,-4.54%,,58.39,63.82,91.49%,0,91.81,62.99,145.75%,0,0,0,0,0,0,0,-102.71,63.97,-160.57%,-166.68,0,-31.55%,6.41%,-37.97%,,17.94%,6.40%,91.49%,,5.57,15.63,35.66%,,-1.76,1,-175.50%,,19.29,0,19.29,0,3.03,,,,
南阳配送,三大区域,北部区域,增量,南阳配送,400.89,"1,750.00",22.91%,"-1,349.11",0,325.9,"1,401.50",23.25%,0,0.43,0,,0,74.99,348.5,21.52%,0,18.71%,19.91%,-1.21%,,44.04,122.15,36.05%,0,41.9,131.87,31.77%,0,0.03,0,0,0.04,0,0,-11.4,94.48,-12.07%,-105.88,0,-2.84%,5.40%,-8.24%,,10.98%,6.98%,36.05%,,9.1,14.33,63.54%,,-0.26,0.77,-33.47%,,12.71,32.14,-19.43,0,3.46,,3.8,-0.34,
房山区配送,三大区域,北部区域,增量,房山区配送,0,"1,490.82",0.00%,"-1,490.82",0,0,"1,193.38",0.00%,0,0,0,,0,0,297.44,0.00%,0,,19.95%,-19.95%,,39.17,99.6,39.33%,0,7.55,125.73,6.00%,0,0,0,0,0,0,0,-46.71,72.11,-64.77%,-118.82,0,,4.84%,-4.84%,,,6.68%,39.33%,,0,14.97,0.00%,,-1.19,0.72,-164.71%,,2.29,0,2.29,0,17.14,,,,
玉门一中食堂,三大区域,北部区域,存量,玉门一中食堂,510.67,663,77.02%,-152.33,592.99,-0.14,0,,0,247.53,366,67.63%,311.47,263.28,297,88.65%,281.52,51.56%,44.80%,6.76%,47.47%,170.13,184.59,92.17%,184.6,54.64,50.26,108.72%,68.87,0,0,5.03,0.07,0,0,38.44,62.15,61.85%,-23.71,33.08,7.53%,9.37%,-1.85%,5.58%,33.32%,27.84%,92.17%,31.13%,3,3.59,83.57%,3.21,0.23,0.34,67.10%,0.18,47.57,57,-9.43,62.14,3.58,2.97,3.24,0.34,
玉门一中后勤,三大区域,北部区域,存量,玉门一中后勤,142.44,155.19,91.78%,-12.75,148,0,0,,0,0,0,,0,8.69,10.24,84.83%,23.39,6.10%,6.60%,-0.50%,15.80%,133.75,144.95,92.28%,124.61,6.02,1.49,403.47%,42.77,0,0,0,0,0,0,2.67,8.75,30.52%,-6.08,-19.38,1.87%,5.64%,-3.76%,-13.09%,93.90%,93.40%,92.28%,84.20%,1.06,1.07,99.47%,1.19,0.02,0.06,33.07%,-0.16,46.43,56,-9.57,53.14,2.88,2.34,2.59,0.29,
皓峰玉门一中店,三大区域,北部区域,存量,皓峰玉门一中店,323.42,343.88,94.05%,-20.46,299.38,230.18,243.42,94.56%,212.32,0,0,,0,93.24,100.46,92.82%,87.06,28.83%,29.21%,-0.38%,29.08%,20.81,22.36,93.09%,21.01,1.74,1.38,126.09%,1.68,0.08,0.06,0.07,0,0,0,70.77,76.78,92.17%,-6.01,64.44,21.88%,22.33%,-0.45%,21.52%,6.43%,6.50%,93.09%,7.02%,15.54,15.38,101.03%,14.25,3.4,3.43,99.01%,3.07,6.86,8,-1.14,8,3.04,2.63,2.79,0.24,
玉门一中项目本级,三大区域,北部区域,存量,玉门一中项目本级,0,0,,0,0,0.17,0,,0,0,0,,0,-0.17,0,,0,,,0.00%,,18.96,17.17,110.41%,13.72,1.34,0.39,345.32%,1.58,1.37,0,0.04,0,0,0,-19.09,-17.56,91.26%,-1.53,-15.26,,,0.00%,,,,110.41%,,0,0,,0,-1.01,-1.02,101.51%,-1.11,2,2,0,0.57,9.48,24.01,8.58,0.89,
兰州新区餐饮项目,三大区域,北部区域,增量,兰州新区餐饮项目,332.06,467.8,70.98%,-135.74,0,0,0,,0,211.64,269.21,78.61%,0,120.42,198.59,60.64%,0,36.27%,42.45%,-6.19%,,107.04,77.95,137.32%,0,35.3,68.47,51.55%,0,0.22,0,0,0.01,0,0,-21.69,52.17,-41.58%,-73.86,0,-6.53%,11.15%,-17.68%,,32.24%,16.66%,137.32%,,3.1,6,51.69%,,-0.2,0.67,-30.28%,,28.29,22.29,6,0,3.78,,3.5,0.29,
兰州新区便利店项目,三大区域,北部区域,增量,兰州新区便利店项目,203.12,120,169.27%,83.12,0,149.53,86.73,172.40%,0,0,0,,0,53.59,33.27,161.09%,0,26.38%,27.72%,-1.34%,,10.38,9.75,106.49%,0,2.16,0.51,422.12%,0,0.5,0,0,0.01,0,0,41.54,23,180.57%,18.54,0,20.45%,19.17%,1.28%,,5.11%,8.12%,106.49%,,19.56,12.31,158.95%,,4,2.36,169.56%,,4.29,2.86,1.43,0,2.42,,3.41,-0.99,
腾飞路小学食堂,三大区域,北部区域,增量,腾飞路小学食堂,201.78,206.02,97.94%,-4.24,0,0,0,,0,107.92,121.67,88.70%,0,93.86,84.35,111.27%,0,46.52%,40.94%,5.57%,,54.4,58.2,93.48%,0,11.67,9.8,119.06%,0,0.1,0,0,0,0,0,27.89,16.36,170.52%,11.53,0,13.82%,7.94%,5.88%,,26.96%,28.25%,93.48%,,3.71,3.54,104.77%,,0.51,0.28,182.42%,,16.57,21.71,-5.14,0,3.28,,2.68,0.6,
周口示范区物业,三大区域,北部区域,增量,周口示范区物业,177.45,201,88.28%,-23.55,0,0,0,,0,0,0,,0,29.27,20.29,144.26%,0,16.49%,10.09%,6.40%,,148.18,180.71,82.00%,0,11.22,1.25,897.96%,0,0,0,0,0,0,0,18.05,19.04,94.81%,-0.99,0,10.17%,9.47%,0.70%,,83.51%,89.91%,82.00%,,1.2,1.11,107.66%,,0.12,0.11,115.62%,,13,0,13,0,11.4,,,,
达拉特旗校服,三大区域,北部区域,存量,达拉特旗校服,5.2,50,10.40%,-44.8,25.55,1.5,47,3.19%,0,0,0,,0,3.7,3,123.38%,25.55,71.18%,6.00%,65.18%,100.00%,0,0,,0,0,0,,0,0,0,0,0,0,0,3.7,3,123.33%,0.7,25.55,71.15%,6.00%,65.15%,100.00%,0.00%,0.00%,,0.00%,-1,-1,100.00%,,-1,-1,100.00%,,0,0,0,0,,,,,
北部新拓配送业务2,三大区域,北部区域,增量,北部新拓配送业务2,0,0,,0,0,0,0,,0,0,0,,0,0,0,,0,,,0.00%,,0,0,,0,0,0,,0,0,0,0,0,0,0,0,0,0.00%,0,0,,,0.00%,,,,,,-1,-1,100.00%,,-1,-1,100.00%,,0,0,0,0,,,,,
北部新拓配送业务3,三大区域,北部区域,增量,北部新拓配送业务3,0,0,,0,0,0,0,,0,0,0,,0,0,0,,0,,,0.00%,,0,0,,0,0,0,,0,0,0,0,0,0,0,0,0,0.00%,0,0,,,0.00%,,,,,,-1,-1,100.00%,,-1,-1,100.00%,,0,0,0,0,,,,,
西安吉利便利店,三大区域,北部区域,存量,西安吉利便利店,0,0,,0,38.48,0,0,,28.19,0,0,,0,0,0,,10.29,,,0.00%,26.75%,0,0,,7.94,1.18,1.31,90.04%,18.43,0,0,0.02,3.73,0,0,-4.91,-1.31,-175.87%,-3.6,-16.06,,,0.00%,-41.75%,,,,20.63%,-1,-1,100.00%,4.85,-1,-1,100.00%,-2.02,0,0,0,2.57,,3.09,,,
北部区域总经理室,三大区域,北部区域,区域管理部门,北部区域总经理室,3.39,0,,3.39,0,0,0,,0.07,0,0,,0,3.39,0,,-0.07,100.00%,,100.00%,,127.22,107.34,118.51%,62.52,60.96,21.47,283.89%,22.47,0,0,0,0,0,0,-184.79,-128.82,56.55%,-55.97,-85.06,-5451.03%,,-5451.03%,,3752.72%,,118.51%,,0.03,0,,0,-1.45,-1.2,78.96%,-1.36,9.86,7,2.86,3.86,12.91,16.21,15.33,-2.43,
东部区域,三大区域,东部区域,,,"6,994.16","10,497.76",66.63%,"-3,503.60",811.5,"5,590.97","8,133.77",68.74%,473.06,46.26,76.18,60.72%,83.35,"1,356.93","2,287.81",59.31%,255.08,19.40%,21.79%,-2.39%,31.43%,"1,039.43","1,085.41",95.76%,291.04,499.46,624.04,80.04%,53.74,2.71,0,0.34,0.06,0,0.78,-179.31,578.36,-31.00%,-757.67,-90.13,-2.56%,5.51%,-8.07%,-11.11%,14.86%,10.34%,95.76%,35.86%,6.73,9.67,69.57%,2.79,-0.17,0.53,-32.37%,-0.31,257.43,204.43,53,58.57,4.04,4.97,5.31,-1.27,营收/利润取值
亳州配送,三大区域,东部区域,存量,亳州配送,"4,506.07","3,948.14",114.13%,557.93,0,"3,884.48","3,226.90",120.38%,0,0,0,,0,621.59,721.24,86.18%,0,13.79%,18.27%,-4.47%,,207.9,258.06,80.56%,0,271.05,227.38,119.21%,0,2.68,0,0,0.01,0,0,145.3,235.8,61.62%,-90.5,0,3.22%,5.97%,-2.75%,,4.61%,6.54%,80.56%,,21.67,15.3,141.67%,,0.7,0.91,76.48%,,59.43,62,-2.57,0,3.5,,4.16,-0.66,
嘉祥配送,三大区域,东部区域,存量,嘉祥配送,"1,066.32","1,173.00",90.91%,-106.68,480.34,972.24,"1,046.37",92.92%,464.39,0,0,,0,94.08,126.63,74.30%,15.95,8.82%,10.80%,-1.97%,3.32%,67.61,74.03,91.32%,44.21,36.89,34.2,107.86%,30.48,0,0,0,0.02,0,0,-10.44,18.39,-56.76%,-28.83,-58.75,-0.98%,1.57%,-2.55%,-12.23%,6.34%,6.31%,91.32%,9.20%,15.77,15.84,99.54%,10.86,-0.15,0.25,-62.15%,-1.33,15.14,19,-3.86,13.29,4.46,3.33,3.9,0.57,
利辛配送,三大区域,东部区域,存量,利辛配送,826.76,"1,342.06",61.60%,-515.3,0,691.77,"1,116.88",61.94%,0,0.56,0,,0,134.99,225.18,59.95%,0,16.33%,16.78%,-0.45%,,67.19,66.66,100.80%,0,84.6,112.53,75.18%,0,0,0,0,0.02,0,0,-17.37,45.99,-37.77%,-63.36,0,-2.10%,3.43%,-5.53%,,8.13%,4.97%,100.80%,,12.3,20.13,61.12%,,-0.26,0.69,-37.47%,,11.29,0,11.29,0,5.95,,,,
鸠江配送,三大区域,东部区域,增量,鸠江配送,42.4,970.5,4.37%,-928.1,0,39.63,786.16,5.04%,0,0,0,,0,2.77,184.34,1.50%,0,6.54%,18.99%,-12.46%,,10.14,55,18.44%,0,7.69,57.64,13.34%,0,0,0,0,0,0,0,-15.05,71.7,-20.99%,-86.75,0,-35.50%,7.39%,-42.88%,,23.91%,5.67%,18.44%,,4.18,17.65,23.70%,,-1.48,1.3,-113.86%,,0.57,0,0.57,0,17.74,,,,
武夷山餐饮项目,三大区域,东部区域,存量,武夷山餐饮项目,85.9,148.26,57.94%,-62.36,169.49,0,0,,0,42.97,76.18,56.40%,83.35,42.93,72.08,59.56%,86.13,49.98%,48.62%,1.36%,50.82%,25.15,31.58,79.64%,33.22,5.81,7.48,77.66%,0.5,0,0,0.17,0,0,0,11.97,33.02,36.25%,-21.05,52.59,13.93%,22.27%,-8.33%,31.03%,29.28%,21.30%,79.64%,19.60%,3.42,4.69,72.75%,5.1,0.48,1.05,45.52%,1.58,5.29,9.86,-4.57,8,4.76,4.15,3.2,1.55,
武夷山物业项目,三大区域,东部区域,存量,武夷山物业项目,13.02,15.36,84.77%,-2.34,50.92,0,0,,0,0,0,,0,0.38,0.2,188.21%,4.72,2.95%,1.33%,1.62%,9.28%,12.64,15.16,83.37%,46.2,0,0,,0.23,0,0,0,0,0,0,0.38,0.2,185.89%,0.18,4.49,2.92%,1.33%,1.59%,8.83%,97.05%,98.67%,83.37%,90.72%,1.03,1.01,101.67%,1.1,0.03,0.01,222.97%,0.1,3.71,13.71,-10,12.14,3.4,3.8,1.11,2.3,
武夷山便利店项目,三大区域,东部区域,存量,武夷山便利店项目,3.63,35,10.37%,-31.37,25.27,2.85,24.5,11.64%,8.67,0,0,,0,0.78,10.5,7.41%,16.6,21.44%,30.00%,-8.56%,65.68%,2.55,2.51,101.37%,4.62,0.7,2.93,23.91%,2.18,0.03,0,0.16,0,0,0,-2.44,5.06,-48.24%,-7.5,9.96,-67.22%,14.45%,-81.67%,39.42%,70.12%,7.17%,101.37%,18.26%,1.43,13.94,10.23%,5.48,-0.96,2.01,-47.59%,2.16,0.86,1,-0.14,1.71,2.97,2.69,2.51,0.46,
亳州食堂雇员派遣,三大区域,东部区域,增量,亳州食堂雇员派遣,450.07,360,125.02%,90.07,0,0,0,,0,2.73,0,,0,-79.1,53.71,-147.27%,0,-17.57%,14.92%,-32.49%,,529.17,306.29,172.76%,0,40.65,25.08,162.07%,0,0,0,0,0,0,0,-122.48,28.62,-427.90%,-151.1,0,-27.21%,7.95%,-35.16%,,117.57%,85.08%,172.76%,,0.85,1.18,72.36%,,-0.23,0.09,-247.68%,,152,65.29,86.71,0,3.48,,4.69,-1.21,
济宁高新区配送,三大区域,东部区域,增量,济宁高新区配送,0,0,,0,0,0,0,,0,0,0,,0,0,0,,0,,,0.00%,,0,0,,0,0,0,,0,0,0,0,0,0,0,0,0,0.00%,0,0,,,0.00%,,,,,,-1,-1,100.00%,,-1,-1,100.00%,,0,0,0,0,,,,,
东部新拓配送业务1,三大区域,东部区域,增量,东部新拓配送业务1,0,"2,505.44",0.00%,"-2,505.44",0,0,"1,932.96",0.00%,0,0,0,,0,0,572.48,0.00%,0,,22.85%,-22.85%,,0,153.66,0.00%,0,0,130.19,0.00%,0,0,0,0,0,0,0,0,288.63,0.00%,-288.63,0,,11.52%,-11.52%,,,6.13%,0.00%,,-1,16.31,-6.13%,,-1,1.88,-53.24%,,0,26,-26,0,,,5.91,,
东部新拓配送业务3,三大区域,东部区域,增量,东部新拓配送业务3,0,0,,0,0,0,0,,0,0,0,,0,0,0,,0,,,0.00%,,0,0,,0,0,0,,0,0,0,0,0,0,0,0,0,0.00%,0,0,,,0.00%,,,,,,-1,-1,100.00%,,-1,-1,100.00%,,0,0,0,0,,,,,
东部新拓配送业务5,三大区域,东部区域,增量,东部新拓配送业务5,0,0,,0,0,0,0,,0,0,0,,0,0,0,,0,,,0.00%,,0,0,,0,0,0,,0,0,0,0,0,0,0,0,0,0.00%,0,0,,,0.00%,,,,,,-1,-1,100.00%,,-1,-1,100.00%,,0,0,0,0,,,,,
帕瓦项目,三大区域,东部区域,存量,帕瓦项目,0,0,,0,85.48,0,0,,0,0,0,,0,-1.49,0,,-11.95,,,0.00%,-13.98%,1.49,0,,97.43,0.26,0,,1.27,0,0,0,0,0,0.78,-1.74,0,0.00%,-1.74,-14,,,0.00%,-16.38%,,,,113.98%,0,-1,200.00%,0.88,-1.17,-1,83.05%,-0.14,0,0,0,19.86,,4.91,,,
东部区域总经理室,三大区域,东部区域,区域管理部门,东部区域总经理室,0,0,,0,0,0,0,,0,0,0,,0,0,0,,0,,,0.00%,,115.61,122.45,94.41%,65.36,51.82,26.6,194.78%,19.07,0,0,0,0,0,0,-167.43,-149.06,87.67%,-18.37,-84.43,,,0.00%,,,,94.41%,,0,0,,0,-1.45,-1.22,81.02%,-1.29,9.14,7.57,1.57,3.57,12.64,18.3,16.17,-3.53,
商业业务,商业业务,,,,"7,187.68","6,846.29",104.99%,341.39,"8,188.10","4,065.71","4,201.43",96.77%,"5,914.31",2.42,0,,0.1,"3,119.54","2,644.86",117.95%,"2,273.69",43.40%,38.63%,4.77%,27.77%,502.94,547.48,91.86%,417.58,213.67,184.35,115.90%,118.04,0.87,0,1.28,0.58,0,0.04,"2,403.23","1,913.03",125.62%,490.2,"1,739.31",33.44%,27.94%,5.49%,21.24%,7.00%,8.00%,91.86%,5.10%,14.29,12.51,114.28%,19.61,4.78,3.49,136.75%,4.17,90.57,109.86,-19.29,98.14,5.55,4.25,4.98,0.57,营收/利润取值
后勤数智零售部,商业业务,科创发展中心,后勤数智零售部,后勤数智零售部,646.99,524.15,123.44%,122.84,545.12,-6.51,0,,1.21,0,0,,-0.39,653.5,524.15,124.68%,544.29,101.01%,100.00%,1.01%,99.85%,93.66,81.51,114.91%,86.1,143.57,112.44,127.69%,51.37,0,0,0.68,0.57,0,0.04,415.69,330.2,125.89%,85.49,407.46,64.25%,63.00%,1.25%,74.75%,14.48%,15.55%,114.91%,15.80%,6.91,6.43,107.42%,6.33,4.44,4.05,109.56%,4.73,6.86,8,-1.14,10.29,13.66,8.37,10.19,3.47,
线上商城业务,商业业务,线上商城业务,线上商城业务,线上商城业务,"1,616.73","1,593.00",101.49%,23.73,"3,071.43",794.68,"1,044.50",76.08%,"2,894.65",0,0,,0.04,822.05,548.5,149.87%,176.75,50.85%,34.43%,16.41%,5.75%,68.01,111,61.27%,15.74,27.56,30.2,91.25%,16.82,0,0,0,0,0,0,726.48,407.29,178.37%,319.19,144.19,44.94%,25.57%,19.37%,4.69%,4.21%,6.97%,61.27%,0.51%,23.77,14.35,165.64%,195.15,10.68,3.67,291.12%,9.16,7.43,13.14,-5.71,2.57,9.16,6.12,8.45,0.71,
线下商超-便利店,商业业务,线下商超-便利店,,,"4,313.80","4,095.29",105.34%,218.51,"3,931.89","2,916.34","2,751.21",106.00%,"2,604.46",0,0,,0.39,"1,397.46","1,344.08",103.97%,"1,327.04",32.40%,32.82%,-0.43%,33.75%,280.89,291.88,96.23%,260.61,37.87,39.13,96.78%,40.46,0.87,0,0.6,0,0,0,"1,079.57","1,013.07",106.56%,66.5,"1,026.57",25.03%,24.74%,0.29%,26.11%,6.51%,7.13%,96.23%,6.63%,15.36,14.03,109.46%,15.09,3.84,3.47,110.74%,3.94,65.14,75.71,-10.57,72.71,4.31,3.58,3.86,0.46,
皓峰初中店,商业业务,线下商超-便利店,两校一园便利店,皓峰初中店,531.28,534.67,99.37%,-3.39,520.28,352.07,358.44,98.22%,345.03,0,0,,0,179.21,176.23,101.69%,175.24,33.73%,32.96%,0.77%,33.68%,34.84,32.82,106.15%,27.98,3.71,2.74,135.75%,2.81,0,0,0,0,0,0,140.66,140.67,99.99%,-0.01,144.46,26.48%,26.31%,0.17%,27.77%,6.56%,6.14%,106.15%,5.38%,15.25,16.29,93.61%,18.6,4.04,4.29,94.20%,5.16,7.71,8,-0.29,7.43,4.52,3.77,4.1,0.41,
皓峰高复中心店,商业业务,线下商超-便利店,两校一园便利店,皓峰高复中心店,36.28,59.99,60.48%,-23.71,0,25.1,41.99,59.77%,0,0,0,,0,11.18,18,62.13%,0,30.82%,30.00%,0.82%,,4.25,6.8,62.47%,0,1.38,1.24,111.28%,0,0,0,0,0,0,0,5.55,9.95,55.76%,-4.4,0,15.30%,16.59%,-1.29%,,11.72%,11.34%,62.47%,,8.53,8.82,96.80%,,1.31,1.46,89.26%,,0.86,1.71,-0.86,0,4.96,,3.97,0.99,
皓峰高中店,商业业务,线下商超-便利店,两校一园便利店,皓峰高中店,502.58,490.06,102.55%,12.52,488.78,332.9,329.32,101.09%,327.06,0,0,,0,169.68,160.74,105.56%,161.72,33.76%,32.80%,0.96%,33.09%,25.86,27.68,93.45%,26.47,5.25,3.06,171.74%,4.03,0,0,0,0,0,0,138.57,130.01,106.59%,8.56,131.22,27.57%,26.53%,1.04%,26.85%,5.15%,5.65%,93.45%,5.42%,19.43,17.71,109.75%,18.46,5.36,4.7,114.06%,4.96,6,7,-1,7,4.31,3.78,3.95,0.36,
皓峰国际店,商业业务,线下商超-便利店,两校一园便利店,皓峰国际店,218.7,209,104.64%,9.7,205.4,144.25,138.96,103.81%,135.99,0,0,,0,74.45,70.04,106.30%,69.41,34.04%,33.51%,0.53%,33.79%,17.58,19.77,88.94%,16.93,1.76,1.97,89.27%,1.57,0,0,0,0,0,0,55.11,48.3,114.10%,6.81,50.91,25.20%,23.11%,2.09%,24.79%,8.04%,9.46%,88.94%,8.24%,12.44,10.57,117.66%,12.13,3.13,2.44,128.30%,3.01,4.14,5,-0.86,5,4.24,3.39,3.95,0.29,
皓峰教工店,商业业务,线下商超-便利店,两校一园便利店,皓峰教工店,81.64,84.13,97.04%,-2.49,79.89,63.9,62.68,101.94%,53.2,0,0,,0.39,17.74,21.45,82.69%,26.3,21.73%,25.50%,-3.77%,32.92%,20.31,18.74,108.34%,18.82,2.19,1.81,120.72%,2,0,0,0,0,0,0,-4.76,0.9,-530.23%,-5.66,5.48,-5.83%,1.07%,-6.90%,6.86%,24.87%,22.28%,108.34%,23.55%,4.02,4.49,89.56%,4.25,-0.23,0.05,-489.40%,0.29,4.57,5,-0.43,5,4.44,3.76,3.75,0.69,
皓峰私高店,商业业务,线下商超-便利店,两校一园便利店,皓峰私高店,961.03,830,115.79%,131.03,839.56,657.47,544.48,120.75%,537.72,0,0,,0,303.56,285.52,106.32%,301.84,31.59%,34.40%,-2.81%,35.95%,44.87,43.36,103.48%,39.34,5.36,2.8,191.65%,3.71,0,0,0,0,0,0,253.33,239.36,105.84%,13.97,258.79,26.36%,28.84%,-2.48%,30.82%,4.67%,5.22%,103.48%,4.69%,21.42,19.14,111.90%,21.34,5.65,5.52,102.28%,6.58,9.43,11,-1.57,11,4.76,3.58,3.94,0.82,
皓峰天马店,商业业务,线下商超-便利店,两校一园便利店,皓峰天马店,253.97,329.9,76.98%,-75.93,345.61,169.21,221.79,76.29%,228.56,0,0,,0,84.76,108.11,78.40%,117.05,33.37%,32.77%,0.60%,33.87%,26.5,27.62,95.96%,26.25,2.6,1.76,147.59%,2.27,0,0,0,0,0,0,55.66,78.73,70.69%,-23.07,88.53,21.92%,23.87%,-1.95%,25.62%,10.44%,8.37%,95.96%,7.60%,9.58,11.95,80.22%,13.17,2.1,2.85,73.67%,3.37,6,7,-1,7,4.42,3.75,3.95,0.47,
皓峰综合店,商业业务,线下商超-便利店,两校一园便利店,皓峰综合店,440.96,481.35,91.61%,-40.39,429.22,289.76,323.27,89.63%,287.14,0,0,,0,151.2,158.07,95.65%,142.09,34.29%,32.84%,1.45%,33.10%,30.42,36.14,84.18%,35.09,5.01,3.97,126.12%,4.66,0,0,0,0,0,0,115.78,117.97,98.15%,-2.19,102.34,26.26%,24.51%,1.75%,23.84%,6.90%,7.51%,84.18%,8.18%,14.49,13.32,108.82%,12.23,3.81,3.26,116.59%,2.92,7.71,10,-2.29,10.29,3.94,3.41,3.61,0.33,
皓峰宁海1店,商业业务,线下商超-便利店,异地便利店,皓峰宁海1店,463.08,361.4,128.13%,101.68,333.42,307.89,243.8,126.29%,222.93,0,0,,0,155.19,117.6,131.96%,110.49,33.51%,32.54%,0.97%,33.14%,14.24,14.79,96.30%,12.42,-6.97,1.07,-649.74%,3.87,0.23,0,0.22,0,0,0,148.15,101.74,145.62%,46.41,94.41,31.99%,28.15%,3.84%,28.32%,3.08%,4.09%,96.30%,3.73%,32.51,24.43,133.05%,26.84,10.4,6.88,151.21%,7.6,3.43,4,-0.57,3.86,4.15,3.22,3.7,0.46,
皓峰宁海2店,商业业务,线下商超-便利店,异地便利店,皓峰宁海2店,88.51,78.33,112.99%,10.18,76.36,63.04,52.09,121.02%,48.69,0,0,,0,25.47,26.24,97.05%,27.67,28.77%,33.50%,-4.73%,36.24%,13.73,13.66,100.52%,11.1,0.74,0.96,76.84%,1.96,0,0,0,0,0,0,11,11.62,94.64%,-0.62,14.61,12.43%,14.84%,-2.41%,19.13%,15.52%,17.44%,100.52%,14.54%,6.45,5.73,112.41%,6.88,0.8,0.85,94.15%,1.32,3.43,4,-0.57,3.14,4.01,3.53,3.42,0.59,
皓峰文成店,商业业务,线下商超-便利店,异地便利店,皓峰文成店,37.29,29.3,127.27%,7.99,32.24,25.72,19.63,131.03%,19.53,0,0,,0,11.57,9.67,119.63%,12.71,31.02%,33.00%,-1.98%,39.42%,2.38,2.85,83.52%,3.22,0.2,2.98,6.59%,0.4,0,0,0.05,0,0,0,8.99,3.84,234.03%,5.15,9.14,24.11%,13.11%,11.00%,28.36%,6.39%,9.73%,83.52%,10.00%,15.65,10.27,152.38%,10,3.77,1.35,280.21%,2.84,0.86,1,-0.14,1,2.78,3.22,2.85,-0.07,
皓峰芜湖店,商业业务,线下商超-便利店,异地便利店,皓峰芜湖店,139.96,123.83,113.03%,16.13,113.81,92.56,84.4,109.67%,78.17,0,0,,0,47.4,39.43,120.22%,35.64,33.87%,31.84%,2.03%,31.32%,7.2,7.7,93.56%,7.09,0.5,0.13,374.02%,3.82,0.24,0,0.18,0,0,0,39.93,31.59,126.39%,8.34,24.91,28.53%,25.51%,3.02%,21.89%,5.15%,6.22%,93.56%,6.23%,19.43,16.08,120.81%,16.06,5.54,4.1,135.09%,3.51,1.71,2,-0.29,2,4.2,3.54,3.85,0.35,
皓峰仙桃店,商业业务,线下商超-便利店,异地便利店,皓峰仙桃店,457.32,392,116.66%,65.32,375.66,326.28,268.17,121.67%,257.25,0,0,,0,131.04,123.83,105.82%,118.42,28.65%,31.59%,-2.94%,31.52%,27.48,30.81,89.18%,27.65,10.2,5.78,176.52%,8.4,0.15,0,0,0,0,0,93.51,87.24,107.18%,6.27,82.38,20.45%,22.26%,-1.81%,21.93%,6.01%,7.86%,89.18%,7.36%,16.64,12.72,130.82%,13.59,3.4,2.83,120.19%,2.98,6.86,8,-1.14,8,4.01,3.46,3.85,0.16,
皓峰镇江店,商业业务,线下商超-便利店,异地便利店,皓峰镇江店,78.56,91.32,86.03%,-12.76,91.65,51.59,62.17,82.99%,63.2,0,0,,0,26.97,29.15,92.51%,28.45,34.32%,31.92%,2.40%,31.04%,8.19,9.13,89.64%,8.24,5.96,8.87,67.18%,0.97,0.24,0,0.15,0,0,0,13.06,11.14,117.24%,1.92,19.39,16.62%,12.20%,4.43%,21.16%,10.42%,10.00%,89.64%,9.00%,9.59,10,95.97%,11.12,1.6,1.22,130.79%,2.35,1.71,2,-0.29,2,4.78,4.12,4.57,0.21,
宁海公学文创店,商业业务,线下商超-便利店,异地便利店,宁海公学文创店,22.65,0,,22.65,0,14.59,0,,0,0,0,,0,8.06,0,,0,35.59%,,35.59%,,3.02,0,,0,0,0,,0,0,0,0,0,0,0,5.04,0,0.00%,5.04,0,22.25%,,22.25%,,13.35%,,,,7.49,-1,948.93%,,1.67,-1,366.65%,,0.71,0,0.71,0,4.23,,,,
线下商超-商业街,商业业务,线下商超-商业街,,,610.16,633.85,96.26%,-23.69,639.66,361.21,405.71,89.03%,413.99,2.42,0,,0.07,246.53,228.14,108.06%,225.6,40.40%,35.99%,4.41%,35.27%,60.38,63.09,95.70%,55.13,4.66,2.58,181.10%,9.39,0,0,0,0,0,0,181.49,162.47,111.71%,19.02,161.09,29.74%,25.63%,4.11%,25.18%,9.90%,9.95%,95.70%,8.62%,10.11,10.05,100.58%,11.6,3.01,2.58,116.72%,2.92,11.14,13,-1.86,12.57,5.42,4.39,4.85,0.57,
海实文创店,商业业务,线下商超-商业街,后勤商业街,海实文创店,256.16,269,95.23%,-12.84,276.27,154.6,181.28,85.28%,187.37,0,0,,0,101.56,87.72,115.78%,88.9,39.65%,32.61%,7.04%,32.18%,14.05,15.59,90.10%,13.55,2.49,1.11,223.25%,1.12,0,0,0,0,0,0,85.02,71.01,119.72%,14.01,74.22,33.19%,26.40%,6.79%,26.87%,5.48%,5.80%,90.10%,4.91%,18.23,17.25,105.69%,20.39,6.05,4.55,132.88%,5.48,2.57,3,-0.43,3,5.46,4.52,5.2,0.27,
教育园嗨购店,商业业务,线下商超-商业街,后勤商业街,教育园嗨购店,218,239,91.21%,-21,246.37,144.37,158.93,90.84%,161.34,0,0,,0,73.63,80.06,91.97%,85.03,33.78%,33.50%,0.28%,34.51%,18.9,18.81,100.51%,16.79,0.27,0.16,165.33%,0.37,0,0,0,0,0,0,54.47,61.1,89.15%,-6.63,67.87,24.99%,25.56%,-0.58%,27.55%,8.67%,7.87%,100.51%,6.82%,11.53,12.71,90.75%,14.67,2.88,3.25,88.70%,4.04,3.43,4,-0.57,4,5.51,4.2,4.7,0.81,
教育园咖啡店,商业业务,线下商超-商业街,后勤商业街,教育园咖啡店,54.93,50.01,109.85%,4.92,53.34,8.73,17,51.34%,14.84,2.42,0,,0.07,43.78,33,132.65%,38.43,79.70%,66.00%,13.70%,72.05%,14.3,13.96,102.40%,12.48,0.51,0.58,87.03%,0.88,0,0,0,0,0,0,28.98,18.46,156.97%,10.52,25.08,52.76%,36.92%,15.84%,47.02%,26.03%,27.92%,102.40%,23.39%,3.84,3.58,107.27%,4.28,2.03,1.32,153.29%,2.01,2.57,3,-0.43,2.86,5.56,4.37,4.65,0.91,
教育园文创店,商业业务,线下商超-商业街,后勤商业街,教育园文创店,43.51,58,75.02%,-14.49,57.45,25.45,34.22,74.37%,33.48,0,0,,0,18.06,23.78,75.96%,23.96,41.51%,41.00%,0.51%,41.71%,8.13,8.92,91.08%,0,0.99,0.2,495.27%,0,0,0,0,0,0,0,8.94,14.66,61.00%,-5.72,23.96,20.55%,25.27%,-4.72%,41.71%,18.68%,15.39%,91.08%,0.00%,5.35,6.5,82.37%,,1.1,1.64,66.98%,,1.71,2,-0.29,0,4.74,,4.46,0.28,
教育园校服店,商业业务,线下商超-商业街,后勤商业街,教育园校服店,37.56,17.85,210.42%,19.71,6.23,28.06,14.28,196.50%,16.95,0,0,,0,9.5,3.57,266.10%,-10.71,25.29%,20.00%,5.29%,-171.91%,5.01,5.81,86.22%,12.31,0.42,0.52,80.06%,7.02,0,0,0,0,0,0,4.08,-2.76,347.99%,6.84,-30.04,10.86%,-15.44%,26.31%,-482.08%,13.33%,32.53%,86.22%,197.45%,7.5,3.07,244.06%,0.51,0.81,-0.47,371.65%,-2.44,0.86,1,-0.14,2.71,5.84,4.53,5.81,0.03,
科创发展中心,科创发展中心,,,,2.17,0,,2.17,10.99,0,0,,0,0,0,,0,2.17,0,,10.99,100.00%,,100.00%,100.00%,317.61,316.96,100.21%,198.09,69.7,96.26,72.40%,44.61,0,0,0,0,0,0,-385.14,-413.23,106.80%,28.09,-231.72,-17748.39%,,-17748.39%,-2108.50%,14636.54%,,100.21%,1802.57%,0.01,0,,0.06,-1.21,-1.3,106.99%,-1.17,17.29,18.43,-1.14,13.86,18.37,14.3,17.2,1.17,营收/利润取值
后勤市场管理部,科创发展中心,科创发展中心,后勤市场管理部,后勤市场管理部,0,0,,0,0,0,0,,0,0,0,,0,0,0,,0,,,0.00%,,77.41,84.47,91.65%,27.62,38.8,64.52,60.13%,25.14,0,0,0,0,0,0,-116.21,-148.98,122.00%,32.77,-52.77,,,0.00%,,,,91.65%,,0,0,,0,-1.5,-1.76,114.89%,-1.91,3.71,4.57,-0.86,2.86,20.84,9.67,18.48,2.36,
后勤数智研发部,科创发展中心,科创发展中心,后勤数智研发部,后勤数智研发部,0,0,,0,10.99,0,0,,0,0,0,,0,0,0,,10.99,,,0.00%,100.00%,239.82,226.25,106.00%,170.47,30.9,31.75,97.34%,19.47,0,0,0,0,0,0,-270.72,-258,95.07%,-12.72,-178.95,,,0.00%,-1628.35%,,,106.00%,1551.21%,0,0,,0.06,-1.13,-1.14,101.01%,-1.05,11.86,13.86,-2,11,20.23,15.5,16.33,3.9,
托管学校入模产品服务,科创发展中心,科创发展中心,托管学校入模产品服务,托管学校入模产品服务,2.17,0,,2.17,0,0,0,,0,0,0,,0,2.17,0,,0,100.00%,,100.00%,,0,0,,0,0,0,,0,0,0,0,0,0,0,2.17,0,0.00%,2.17,0,100.00%,,100.00%,,0.00%,,,,-1,-1,100.00%,,-1,-1,100.00%,,0,0,0,0,,,,,
后勤供应发展部,科创发展中心,科创发展中心,后勤供应发展部,后勤供应发展部,0,0,,0,0,0,0,,0,0,0,,0,0,0,,0,,,0.00%,,0.38,6.25,6.06%,0,0,0,,0,0,0,0,0,0,0,-0.38,-6.25,193.92%,5.87,0,,,0.00%,,,,6.06%,,0,0,,,-1,-1,99.58%,,1.71,0,1.71,0,0.22,,,,
战略支持中心,战略支持中心,,,,339.22,339.22,100.00%,0,11.33,-21.5,0,,0,-8.05,-29.55,27.23%,0,368.77,368.77,100.00%,11.33,108.71%,108.71%,0.00%,100.00%,610.43,823.07,74.17%,541.67,193.23,231.07,83.63%,-38.17,1.19,0,0.35,0.43,0,0,-434.14,-685.37,136.66%,251.23,-491.81,-127.98%,-202.04%,74.06%,-4342.47%,179.95%,242.64%,74.17%,4782.65%,0.56,0.41,134.83%,0.02,-0.71,-0.83,114.59%,-0.91,35.29,47.43,-12.14,42.43,17.3,12.77,17.35,-0.05,营收/利润取值
后勤财务管理部,战略支持中心,战略支持中心,后勤财务管理部,后勤财务管理部,0,0,,0,0,-21.5,0,,0,-8.05,-29.55,27.23%,0,29.55,29.55,99.99%,0,,,0.00%,100.00%,88.71,93.2,95.19%,66.78,13.51,13.92,97.05%,-25.26,0.83,0,0.08,0.26,0,0,-72.1,-77.57,107.05%,5.47,-41.44,,,0.00%,-4144062700.00%,,,95.19%,6678212800.00%,0,0,,0,-0.81,-0.83,102.35%,-0.62,6.14,7.57,-1.43,6.71,14.44,9.95,12.31,2.13,
后勤解决方案部,战略支持中心,战略支持中心,后勤解决方案部,后勤解决方案部,0,0,,0,0,0,0,,0,0,0,,0,0,0,,0,,,0.00%,,106.23,156.93,67.70%,107.85,46.85,29.55,158.56%,17.76,0,0,0,0.01,0,0,-153.09,-186.47,117.90%,33.38,-125.61,,,0.00%,,,,67.70%,,0,0,,0,-1.44,-1.19,78.73%,-1.16,6.57,11.43,-4.86,12,16.17,8.99,13.73,2.43,
后勤品牌战略部,战略支持中心,战略支持中心,后勤品牌战略部,后勤品牌战略部,0,0,,0,0,0,0,,0,0,0,,0,0,0,,0,,,0.00%,,98.04,100.99,97.08%,60.52,51.8,72.2,71.75%,-6.82,0,0,0.28,0,0,0,-149.84,-173.19,113.48%,23.35,-53.42,,,0.00%,,,,97.08%,,0,0,,0,-1.53,-1.71,110.88%,-0.88,7.86,8,-0.14,7.14,12.48,8.47,12.62,-0.15,
后勤人资管理部,战略支持中心,战略支持中心,后勤人资管理部,后勤人资管理部,0,0,,0,0,0,0,,0,0,0,,0,0,0,,0,,,0.00%,,121.09,120.85,100.20%,92.88,15.71,27.68,56.74%,-40.66,0,0,0,0,0,0,-136.8,-148.53,107.90%,11.73,-52.23,,,0.00%,,,,100.20%,,0,0,,0,-1.13,-1.23,108.08%,-0.56,9.71,12.43,-2.71,8.86,12.47,10.49,9.72,2.74,
后勤学院,战略支持中心,战略支持中心,后勤学院,后勤学院,0,0,,0,11.33,0,0,,0,0,0,,0,0,0,,11.33,,,0.00%,100.00%,67.16,61.18,109.77%,62.83,22.07,32.9,67.07%,17.72,0,0,0,0.04,0,0,-89.27,-94.08,105.11%,4.81,-69.23,,,0.00%,-611.26%,,,109.77%,554.78%,0,0,,0.18,-1.33,-1.54,113.56%,-1.1,3.29,4,-0.71,4,20.44,15.71,15.3,5.14,
后勤集团总裁室,战略支持中心,战略支持中心,后勤集团总裁室,后勤集团总裁室,339.22,339.22,100.00%,0,0,0,0,,0,0,0,,0,339.22,339.22,100.00%,0,100.00%,100.00%,0.00%,,129.19,289.91,44.56%,150.8,43.3,54.83,78.97%,-0.91,0.35,0,0,0.12,0,0,166.96,-5.52,3224.89%,172.48,-149.89,49.22%,-1.63%,50.85%,,38.09%,85.46%,44.56%,,2.63,1.17,224.40%,0,1.29,-0.02,6987.84%,-0.99,1.71,4,-2.29,3.71,75.36,40.6,72.48,2.89,
后勤管理中心,后勤管理中心,,,,"8,529.11","8,780.51",97.14%,-251.4,"8,803.04",0.5,0,,-19.95,894.65,955.96,93.59%,945.52,"7,633.96","7,824.54",97.56%,"7,877.46",89.50%,89.11%,0.39%,89.49%,"3,438.90","3,547.63",96.94%,"3,580.48","4,584.37","4,704.52",97.45%,"5,152.09",27.05,10.59,20.47,18.69,0,0.78,-380.95,-417.02,108.65%,36.07,-835.43,-4.47%,-4.75%,0.28%,-9.49%,40.32%,40.40%,96.94%,40.67%,2.48,2.48,100.21%,2.46,-0.11,-0.12,105.76%,-0.23,478.86,568.14,-89.29,561.71,7.18,6.37,6.24,0.94,
教育园特色餐饮,后勤管理中心,教育园特色餐饮,,,"1,388.30","1,461.14",95.02%,-72.84,"1,353.74",0,0,,0.63,574.69,574.35,100.06%,528.07,813.61,886.79,91.75%,825.04,58.60%,60.69%,-2.09%,60.95%,346.25,352.73,98.16%,318.98,157.27,174.12,90.32%,189.78,0.41,0,0.02,1.76,0,0.3,308.75,359.93,85.78%,-51.18,316,22.24%,24.63%,-2.39%,23.34%,24.94%,24.14%,98.16%,23.56%,4.01,4.14,96.79%,4.24,0.89,1.02,87.39%,0.99,66.43,77.86,-11.43,71.71,5.21,4.45,4.53,0.68,营收/利润取值
生活体验广场,后勤管理中心,教育园特色餐饮,教育园特色餐饮,生活体验广场,"1,080.53","1,080.58",100.00%,-0.05,"1,001.74",0,0,,0.63,458.74,437.21,104.92%,401.12,621.79,643.36,96.65%,600,57.54%,59.54%,-1.99%,59.90%,238.86,231.59,103.14%,214.74,129.2,144.1,89.66%,160.66,0.41,0,0,1.44,0,0.3,252.71,267.68,94.41%,-14.97,224.3,23.39%,24.77%,-1.38%,22.39%,22.11%,21.43%,103.14%,21.44%,4.52,4.67,96.95%,4.66,1.06,1.16,91.53%,1.04,45.14,50,-4.86,48.43,5.29,4.43,4.63,0.66,
中西餐厅,后勤管理中心,教育园特色餐饮,教育园特色餐饮,中西餐厅,307.77,380.56,80.87%,-72.79,352.01,0,0,,0,115.95,137.13,84.55%,126.96,191.82,243.43,78.80%,225.05,62.33%,63.97%,-1.64%,63.93%,107.39,121.14,88.65%,104.24,28.07,30.03,93.49%,29.12,0,0,0.02,0.32,0,0,56.04,92.26,60.74%,-36.22,91.71,18.21%,24.24%,-6.03%,26.05%,34.89%,31.83%,88.65%,29.61%,2.87,3.14,91.23%,3.38,0.52,0.76,68.52%,0.88,21.29,27.86,-6.57,23.29,5.05,4.48,4.35,0.7,
念心湖酒店,后勤管理中心,念心湖酒店,,,609.17,685.92,88.81%,-76.75,690.18,0,0,,1.21,154.61,178.23,86.75%,190.83,454.56,507.69,89.53%,498.14,74.62%,74.02%,0.60%,72.18%,270.06,272.23,99.20%,283.42,533.25,542.07,98.37%,522.18,0.35,0,0,1.01,0,0.31,-349.41,-306.61,86.04%,-42.8,-307.77,-57.36%,-44.70%,-12.66%,-44.59%,44.33%,39.69%,99.20%,41.06%,2.26,2.52,89.52%,2.44,-1.29,-1.13,85.13%,-1.09,40.57,49,-8.43,49.71,6.66,5.7,5.56,1.1,营收/利润取值
酒店早餐厅,后勤管理中心,念心湖酒店,酒店本级,酒店早餐厅,155,177,87.57%,-22,175.77,0,0,,0,69.93,84.9,82.37%,88.74,85.07,92.1,92.37%,87.03,54.88%,52.03%,2.85%,49.51%,46.35,47.77,97.02%,47.16,21.92,22.45,97.60%,20.63,0.3,0,0,0.25,0,0.22,16.85,21.87,77.03%,-5.02,19.02,10.87%,12.36%,-1.49%,10.82%,29.90%,26.99%,97.02%,26.83%,3.34,3.71,90.26%,3.73,0.36,0.46,79.39%,0.4,8.57,10,-1.43,10,5.41,4.72,4.78,0.63,
酒店中餐厅,后勤管理中心,念心湖酒店,酒店本级,酒店中餐厅,142.58,156,91.40%,-13.42,171,0,0,,0,84.89,93.33,90.96%,101.15,57.69,62.67,92.05%,69.85,40.46%,40.17%,0.29%,40.85%,132.61,135.57,97.82%,142.04,40.07,36.7,109.16%,35.76,0,0,0,0.04,0,0,-115.04,-109.61,95.04%,-5.43,-107.94,-80.68%,-70.26%,-10.42%,-63.12%,93.01%,86.91%,97.82%,83.06%,1.08,1.15,93.44%,1.2,-0.87,-0.81,92.70%,-0.76,19,24,-5,24.29,6.98,5.85,5.65,1.33,
酒店客房部,后勤管理中心,念心湖酒店,酒店本级,酒店客房部,311.6,352.92,88.29%,-41.32,343.41,0,0,,1.21,-0.21,0,,0.94,0,352.92,0.00%,341.26,0.00%,100.00%,-100.00%,99.37%,91.1,88.89,102.49%,94.22,471.26,482.91,97.59%,465.8,0.05,0,0,0.72,0,0.09,-251.22,-218.88,85.23%,-32.34,-218.85,-80.62%,-62.02%,-18.60%,-63.73%,29.24%,25.19%,102.49%,27.44%,3.42,3.97,86.15%,3.64,-2.76,-2.46,88.01%,-2.32,13,15,-2,15.43,7.01,6.11,5.93,1.08,
海亮后勤车队,后勤管理中心,海亮后勤车队,海亮后勤车队,海亮后勤车队,"2,056.67","2,152.50",95.55%,-95.83,"2,477.13",0,0,,0.23,0,0,,0,0,"2,152.50",0.00%,"2,476.89",0.00%,100.00%,-100.00%,99.99%,667.36,642.55,103.86%,672.4,"1,244.02","1,156.94",107.53%,"1,382.77",25.24,10.59,9.14,11.09,0,0,159.44,363.6,43.85%,-204.16,430.86,7.75%,16.89%,-9.14%,17.39%,32.45%,29.85%,103.86%,27.14%,3.08,3.35,92.00%,3.68,0.24,0.57,42.22%,0.64,54,63,-9,62.57,12.36,10.75,10.2,2.16,营收/利润取值
海亮医院,后勤管理中心,海亮医院,海亮医院,海亮医院,"2,206.35","2,133.25",103.43%,73.1,"2,083.73",0.02,0,,-51.54,0,0,,0,0,"2,133.25",0.00%,"2,135.26",0.00%,100.00%,-100.00%,102.47%,598.1,665.89,89.82%,665.84,696.72,717.41,97.12%,789.01,0.2,0,0.01,0.06,0,-1.34,911.65,749.96,121.56%,161.69,681.77,41.32%,35.16%,6.16%,32.72%,27.11%,31.21%,89.82%,31.95%,3.69,3.2,115.15%,3.13,1.52,1.13,135.34%,1.02,58.29,69.29,-11,68,10.26,9.79,9.61,0.65,营收/利润取值
中心其余业务部门,后勤管理中心,中心其余业务部门,,,599.62,600.98,99.77%,-1.36,636.62,0.48,0,,30.17,165.28,203.39,81.26%,245.71,433.86,397.59,109.12%,360.74,72.36%,66.16%,6.20%,56.67%,454.2,479.54,94.72%,490.89,237.3,224.29,105.80%,154.45,0.86,0,0.38,0.49,0,0,-257.28,-306.24,115.99%,48.96,-284.23,-42.91%,-50.96%,8.05%,-44.65%,75.75%,79.79%,94.72%,77.11%,1.32,1.25,105.34%,1.3,-0.57,-0.64,111.30%,-0.58,96.43,111,-14.57,114.29,4.71,4.3,4.32,0.39,营收/利润取值
后勤加工中心,后勤管理中心,中心其余业务部门,后勤加工中心,后勤加工中心,0,0,,0,0,0.48,0,,0,1.51,1.9,79.56%,3.26,-1.99,-1.9,95.19%,-3.26,,,0.00%,,91.94,101.93,90.20%,109.32,112.74,102.59,109.90%,90.74,0,0,0,0.49,0,0,-207.17,-206.42,99.64%,-0.75,-203.32,,,0.00%,,,,90.20%,,0,0,,0,-2.25,-2.03,88.73%,-1.86,22.43,26,-3.57,26.29,4.1,4.16,3.92,0.18,
科研大厦食堂,后勤管理中心,中心其余业务部门,科研大厦食堂,科研大厦食堂,245.76,239.84,102.47%,5.92,266.87,0,0,,0,163.77,201.49,81.28%,242.45,81.99,38.35,213.78%,24.42,33.36%,15.99%,17.37%,9.15%,178.76,186.49,95.85%,188.78,33.23,51.77,64.19%,39.43,0.5,0,0,0,0,0,-129.5,-199.9,135.22%,70.4,-203.79,-52.69%,-83.35%,30.65%,-76.36%,72.74%,77.76%,95.85%,70.74%,1.37,1.29,106.90%,1.41,-0.72,-1.07,132.42%,-1.08,31.14,37,-5.86,39.43,5.74,4.79,5.04,0.7,
后勤一卡通管理,后勤管理中心,中心其余业务部门,后勤一卡通管理,后勤一卡通管理,46.57,50,93.14%,-3.43,48.24,0,0,,30.11,0,0,,0,46.57,50,93.14%,18.14,100.00%,100.00%,0.00%,37.59%,0,0,,0,89.05,66.16,134.60%,21.83,0,0,0,0,0,0,-42.48,-16.16,-62.87%,-26.32,-3.7,-91.22%,-32.32%,-58.90%,-7.66%,0.00%,0.00%,,0.00%,-1,-1,100.00%,,-1,-1,100.00%,,0,0,0,0,,,,,
湘湖后勤,后勤管理中心,中心其余业务部门,湘湖后勤,湘湖后勤,307.29,311.14,98.76%,-3.85,321.51,0,0,,0.07,0,0,,0,123.79,120.03,103.13%,128.72,40.28%,38.58%,1.71%,40.03%,183.5,191.11,96.02%,192.79,2.27,3.78,60.12%,2.45,0.36,0,0.38,0,0,0,121.88,116.25,104.85%,5.63,126.58,39.66%,37.36%,2.30%,39.37%,59.72%,61.42%,96.02%,59.97%,1.67,1.63,102.86%,1.67,0.66,0.61,109.20%,0.66,42.86,48,-5.14,48.57,4.28,3.97,3.98,0.3,
中心管理部门,后勤管理中心,中心管理部门,,,"1,669.00","1,746.72",95.55%,-77.72,"1,561.64",0,0,,-0.65,0.07,0,,-19.09,"1,668.93","1,746.72",95.55%,"1,581.38",100.00%,100.00%,0.00%,101.26%,"1,102.93","1,134.69",97.20%,"1,148.95","1,715.80","1,889.68",90.80%,"2,113.89",-0.02,0,10.92,4.28,0,1.52,"-1,154.10","-1,277.65",109.67%,123.55,"-1,672.07",-69.15%,-73.15%,4.00%,-107.07%,66.08%,64.96%,97.20%,73.57%,1.51,1.54,98.30%,1.36,-1.05,-1.13,107.07%,-1.46,163.14,198,-34.86,195.43,6.76,5.88,5.73,1.03,营收/利润取值
后勤安全管理部,后勤管理中心,中心管理部门,后勤安全管理部,后勤安全管理部,19.13,22.36,85.55%,-3.23,17.72,0,0,,0,0,0,,0,19.13,22.36,85.55%,17.72,100.00%,100.00%,0.00%,100.00%,427.66,413.4,103.45%,427.62,81.65,98.47,82.92%,81.13,0.28,0,0.51,2.7,0,0,-492.6,-489.51,99.37%,-3.09,-490.52,-2575.01%,-2189.21%,-385.80%,-2768.72%,2235.52%,1848.84%,103.45%,2413.64%,0.04,0.05,82.70%,0.04,-1.15,-1.18,102.72%,-1.15,65.71,78,-12.29,77.57,6.51,5.51,5.3,1.21,
后勤餐饮运营部,后勤管理中心,中心管理部门,后勤餐饮运营部,后勤餐饮运营部,21.47,25.34,84.73%,-3.87,29.69,0,0,,-0.65,0.07,0,,-19.09,21.4,25.34,84.46%,49.43,99.68%,100.00%,-0.32%,166.48%,162.72,150.38,108.21%,145.88,14.22,38.47,36.97%,46.04,-0.38,0,8.26,0.84,0,0.11,-156.76,-163.51,104.13%,6.75,-134.34,-730.14%,-645.28%,-84.85%,-452.47%,757.90%,593.46%,108.21%,491.33%,0.13,0.17,78.30%,0.2,-0.96,-1.09,111.40%,-0.92,18,23,-5,22.29,9.04,6.55,6.54,2.5,
后勤管理中心总监室,后勤管理中心,中心管理部门,后勤管理中心总监室,后勤管理中心总监室,0,63.16,0.00%,-63.16,0,0,0,,0,0,0,,0,0,63.16,0.00%,0,,100.00%,-100.00%,,28.46,38.58,73.78%,48.04,353.93,408.85,86.57%,367.22,0,0,0,0,0,0,-382.39,-384.26,100.49%,1.87,-415.26,,-608.40%,608.40%,,,61.08%,73.78%,,0,1.64,0.00%,0,-13.43,-9.96,65.12%,-8.64,0.86,1,-0.14,2.71,33.21,17.7,38.58,-5.37,
后勤物业管理部,后勤管理中心,中心管理部门,后勤物业管理部,后勤物业管理部,"1,628.39","1,635.86",99.54%,-7.47,"1,514.23",0,0,,0,0,0,,0,"1,628.39","1,635.86",99.54%,"1,514.23",100.00%,100.00%,0.00%,100.00%,484.09,532.33,90.94%,527.4,"1,266.00","1,343.90",94.20%,"1,616.85",0.08,0,2.14,0.74,0,1.41,-122.36,-240.37,149.09%,118.01,-629.29,-7.51%,-14.69%,7.18%,-41.56%,29.73%,32.54%,90.94%,34.83%,3.36,3.07,109.46%,2.87,-0.25,-0.45,144.02%,-1.19,78.57,96,-17.43,90.29,6.16,5.84,5.55,0.62,
后勤综合管理部,后勤管理中心,中心管理部门,后勤综合管理部,后勤综合管理部,0,0,,0,0,0,0,,0,0,0,,0,0,0,,0,,,0.00%,,0,0,,0,0,0,,2.65,0,0,0.01,0,0,0,0,0,0.00%,0,-2.64,,,0.00%,,,,,,-1,-1,100.00%,0,-1,-1,100.00%,-528.29,0,0,0,2.57,,0,,,
教育园特色餐饮,后勤管理中心,教育园特色餐饮,,,"1,388.30","1,461.14",95.02%,-72.84,"1,353.74",0,0,,0.63,574.69,574.35,100.06%,528.07,813.61,886.79,91.75%,825.04,58.60%,60.69%,-2.09%,60.95%,346.25,352.73,98.16%,318.98,157.27,174.12,90.32%,189.78,0.41,0,0.02,1.76,0,0.3,308.75,359.93,85.78%,-51.18,316,22.24%,24.63%,-2.39%,23.34%,24.94%,24.14%,98.16%,23.56%,4.01,4.14,96.79%,4.24,0.89,1.02,87.39%,0.99,66.43,77.86,-11.43,71.71,5.21,4.45,4.53,0.68,营收/利润取值
生活体验广场,后勤管理中心,教育园特色餐饮,教育园特色餐饮,生活体验广场,"1,080.53","1,080.58",100.00%,-0.05,"1,001.74",0,0,,0.63,458.74,437.21,104.92%,401.12,621.79,643.36,96.65%,600,57.54%,59.54%,-1.99%,59.90%,238.86,231.59,103.14%,214.74,129.2,144.1,89.66%,160.66,0.41,0,0,1.44,0,0.3,252.71,267.68,94.41%,-14.97,224.3,23.39%,24.77%,-1.38%,22.39%,22.11%,21.43%,103.14%,21.44%,4.52,4.67,96.95%,4.66,1.06,1.16,91.53%,1.04,45.14,50,-4.86,48.43,5.29,4.43,4.63,0.66,
中西餐厅,后勤管理中心,教育园特色餐饮,教育园特色餐饮,中西餐厅,307.77,380.56,80.87%,-72.79,352.01,0,0,,0,115.95,137.13,84.55%,126.96,191.82,243.43,78.80%,225.05,62.33%,63.97%,-1.64%,63.93%,107.39,121.14,88.65%,104.24,28.07,30.03,93.49%,29.12,0,0,0.02,0.32,0,0,56.04,92.26,60.74%,-36.22,91.71,18.21%,24.24%,-6.03%,26.05%,34.89%,31.83%,88.65%,29.61%,2.87,3.14,91.23%,3.38,0.52,0.76,68.52%,0.88,21.29,27.86,-6.57,23.29,5.05,4.48,4.35,0.7,
念心湖酒店,后勤管理中心,念心湖酒店,,,609.17,685.92,88.81%,-76.75,690.18,0,0,,1.21,154.61,178.23,86.75%,190.83,454.56,507.69,89.53%,498.14,74.62%,74.02%,0.60%,72.18%,270.06,272.23,99.20%,283.42,533.25,542.07,98.37%,522.18,0.35,0,0,1.01,0,0.31,-349.41,-306.61,86.04%,-42.8,-307.77,-57.36%,-44.70%,-12.66%,-44.59%,44.33%,39.69%,99.20%,41.06%,2.26,2.52,89.52%,2.44,-1.29,-1.13,85.13%,-1.09,40.57,49,-8.43,49.71,6.66,5.7,5.56,1.1,营收/利润取值
酒店早餐厅,后勤管理中心,念心湖酒店,酒店本级,酒店早餐厅,155,177,87.57%,-22,175.77,0,0,,0,69.93,84.9,82.37%,88.74,85.07,92.1,92.37%,87.03,54.88%,52.03%,2.85%,49.51%,46.35,47.77,97.02%,47.16,21.92,22.45,97.60%,20.63,0.3,0,0,0.25,0,0.22,16.85,21.87,77.03%,-5.02,19.02,10.87%,12.36%,-1.49%,10.82%,29.90%,26.99%,97.02%,26.83%,3.34,3.71,90.26%,3.73,0.36,0.46,79.39%,0.4,8.57,10,-1.43,10,5.41,4.72,4.78,0.63,
酒店中餐厅,后勤管理中心,念心湖酒店,酒店本级,酒店中餐厅,142.58,156,91.40%,-13.42,171,0,0,,0,84.89,93.33,90.96%,101.15,57.69,62.67,92.05%,69.85,40.46%,40.17%,0.29%,40.85%,132.61,135.57,97.82%,142.04,40.07,36.7,109.16%,35.76,0,0,0,0.04,0,0,-115.04,-109.61,95.04%,-5.43,-107.94,-80.68%,-70.26%,-10.42%,-63.12%,93.01%,86.91%,97.82%,83.06%,1.08,1.15,93.44%,1.2,-0.87,-0.81,92.70%,-0.76,19,24,-5,24.29,6.98,5.85,5.65,1.33,
酒店客房部,后勤管理中心,念心湖酒店,酒店本级,酒店客房部,311.6,352.92,88.29%,-41.32,343.41,0,0,,1.21,-0.21,0,,0.94,0,352.92,0.00%,341.26,0.00%,100.00%,-100.00%,99.37%,91.1,88.89,102.49%,94.22,471.26,482.91,97.59%,465.8,0.05,0,0,0.72,0,0.09,-251.22,-218.88,85.23%,-32.34,-218.85,-80.62%,-62.02%,-18.60%,-63.73%,29.24%,25.19%,102.49%,27.44%,3.42,3.97,86.15%,3.64,-2.76,-2.46,88.01%,-2.32,13,15,-2,15.43,7.01,6.11,5.93,1.08,
海亮后勤车队,后勤管理中心,海亮后勤车队,海亮后勤车队,海亮后勤车队,"2,056.67","2,152.50",95.55%,-95.83,"2,477.13",0,0,,0.23,0,0,,0,0,"2,152.50",0.00%,"2,476.89",0.00%,100.00%,-100.00%,99.99%,667.36,642.55,103.86%,672.4,"1,244.02","1,156.94",107.53%,"1,382.77",25.24,10.59,9.14,11.09,0,0,159.44,363.6,43.85%,-204.16,430.86,7.75%,16.89%,-9.14%,17.39%,32.45%,29.85%,103.86%,27.14%,3.08,3.35,92.00%,3.68,0.24,0.57,42.22%,0.64,54,63,-9,62.57,12.36,10.75,10.2,2.16,营收/利润取值
海亮医院,后勤管理中心,海亮医院,海亮医院,海亮医院,"2,206.35","2,133.25",103.43%,73.1,"2,083.73",0.02,0,,-51.54,0,0,,0,0,"2,133.25",0.00%,"2,135.26",0.00%,100.00%,-100.00%,102.47%,598.1,665.89,89.82%,665.84,696.72,717.41,97.12%,789.01,0.2,0,0.01,0.06,0,-1.34,911.65,749.96,121.56%,161.69,681.77,41.32%,35.16%,6.16%,32.72%,27.11%,31.21%,89.82%,31.95%,3.69,3.2,115.15%,3.13,1.52,1.13,135.34%,1.02,58.29,69.29,-11,68,10.26,9.79,9.61,0.65,营收/利润取值
后勤加工中心,后勤管理中心,中心其余业务部门,后勤加工中心,后勤加工中心,0,0,,0,0,0.48,0,,0,1.51,1.9,79.56%,3.26,-1.99,-1.9,95.19%,-3.26,,,0.00%,,91.94,101.93,90.20%,109.32,112.74,102.59,109.90%,90.74,0,0,0,0.49,0,0,-207.17,-206.42,99.64%,-0.75,-203.32,,,0.00%,,,,90.20%,,0,0,,0,-2.25,-2.03,88.73%,-1.86,22.43,26,-3.57,26.29,4.1,4.16,3.92,0.18,
科研大厦食堂,后勤管理中心,中心其余业务部门,科研大厦食堂,科研大厦食堂,245.76,239.84,102.47%,5.92,266.87,0,0,,0,163.77,201.49,81.28%,242.45,81.99,38.35,213.78%,24.42,33.36%,15.99%,17.37%,9.15%,178.76,186.49,95.85%,188.78,33.23,51.77,64.19%,39.43,0.5,0,0,0,0,0,-129.5,-199.9,135.22%,70.4,-203.79,-52.69%,-83.35%,30.65%,-76.36%,72.74%,77.76%,95.85%,70.74%,1.37,1.29,106.90%,1.41,-0.72,-1.07,132.42%,-1.08,31.14,37,-5.86,39.43,5.74,4.79,5.04,0.7,
后勤一卡通管理,后勤管理中心,中心其余业务部门,后勤一卡通管理,后勤一卡通管理,46.57,50,93.14%,-3.43,48.24,0,0,,30.11,0,0,,0,46.57,50,93.14%,18.14,100.00%,100.00%,0.00%,37.59%,0,0,,0,89.05,66.16,134.60%,21.83,0,0,0,0,0,0,-42.48,-16.16,-62.87%,-26.32,-3.7,-91.22%,-32.32%,-58.90%,-7.66%,0.00%,0.00%,,0.00%,-1,-1,100.00%,,-1,-1,100.00%,,0,0,0,0,,,,,
湘湖后勤,后勤管理中心,中心其余业务部门,湘湖后勤,湘湖后勤,307.29,311.14,98.76%,-3.85,321.51,0,0,,0.07,0,0,,0,123.79,120.03,103.13%,128.72,40.28%,38.58%,1.71%,40.03%,183.5,191.11,96.02%,192.79,2.27,3.78,60.12%,2.45,0.36,0,0.38,0,0,0,121.88,116.25,104.85%,5.63,126.58,39.66%,37.36%,2.30%,39.37%,59.72%,61.42%,96.02%,59.97%,1.67,1.63,102.86%,1.67,0.66,0.61,109.20%,0.66,42.86,48,-5.14,48.57,4.28,3.97,3.98,0.3,
中心其余业务部门,后勤管理中心,中心其余业务部门,,,599.62,600.98,99.77%,-1.36,636.62,0.48,0,,30.17,165.28,203.39,81.26%,245.71,433.86,397.59,109.12%,360.74,72.36%,66.16%,6.20%,56.67%,454.2,479.54,94.72%,490.89,237.3,224.29,105.80%,154.45,0.86,0,0.38,0.49,0,0,-257.28,-306.24,115.99%,48.96,-284.23,-42.91%,-50.96%,8.05%,-44.65%,75.75%,79.79%,94.72%,77.11%,1.32,1.25,105.34%,1.3,-0.57,-0.64,111.30%,-0.58,96.43,111,-14.57,114.29,4.71,4.3,4.32,0.39,营收/利润取值
后勤加工中心,后勤管理中心,中心其余业务部门,后勤加工中心,后勤加工中心,0,0,,0,0,0.48,0,,0,1.51,1.9,79.56%,3.26,-1.99,-1.9,95.19%,-3.26,,,0.00%,,91.94,101.93,90.20%,109.32,112.74,102.59,109.90%,90.74,0,0,0,0.49,0,0,-207.17,-206.42,99.64%,-0.75,-203.32,,,0.00%,,,,90.20%,,0,0,,0,-2.25,-2.03,88.73%,-1.86,22.43,26,-3.57,26.29,4.1,4.16,3.92,0.18,
科研大厦食堂,后勤管理中心,中心其余业务部门,科研大厦食堂,科研大厦食堂,245.76,239.84,102.47%,5.92,266.87,0,0,,0,163.77,201.49,81.28%,242.45,81.99,38.35,213.78%,24.42,33.36%,15.99%,17.37%,9.15%,178.76,186.49,95.85%,188.78,33.23,51.77,64.19%,39.43,0.5,0,0,0,0,0,-129.5,-199.9,135.22%,70.4,-203.79,-52.69%,-83.35%,30.65%,-76.36%,72.74%,77.76%,95.85%,70.74%,1.37,1.29,106.90%,1.41,-0.72,-1.07,132.42%,-1.08,31.14,37,-5.86,39.43,5.74,4.79,5.04,0.7,
后勤一卡通管理,后勤管理中心,中心其余业务部门,后勤一卡通管理,后勤一卡通管理,46.57,50,93.14%,-3.43,48.24,0,0,,30.11,0,0,,0,46.57,50,93.14%,18.14,100.00%,100.00%,0.00%,37.59%,0,0,,0,89.05,66.16,134.60%,21.83,0,0,0,0,0,0,-42.48,-16.16,-62.87%,-26.32,-3.7,-91.22%,-32.32%,-58.90%,-7.66%,0.00%,0.00%,,0.00%,-1,-1,100.00%,,-1,-1,100.00%,,0,0,0,0,,,,,
湘湖后勤,后勤管理中心,中心其余业务部门,湘湖后勤,湘湖后勤,307.29,311.14,98.76%,-3.85,321.51,0,0,,0.07,0,0,,0,123.79,120.03,103.13%,128.72,40.28%,38.58%,1.71%,40.03%,183.5,191.11,96.02%,192.79,2.27,3.78,60.12%,2.45,0.36,0,0.38,0,0,0,121.88,116.25,104.85%,5.63,126.58,39.66%,37.36%,2.30%,39.37%,59.72%,61.42%,96.02%,59.97%,1.67,1.63,102.86%,1.67,0.66,0.61,109.20%,0.66,42.86,48,-5.14,48.57,4.28,3.97,3.98,0.3,
酒店早餐厅,后勤管理中心,念心湖酒店,酒店本级,酒店早餐厅,155,177,87.57%,-22,175.77,0,0,,0,69.93,84.9,82.37%,88.74,85.07,92.1,92.37%,87.03,54.88%,52.03%,2.85%,49.51%,46.35,47.77,97.02%,47.16,21.92,22.45,97.60%,20.63,0.3,0,0,0.25,0,0.22,16.85,21.87,77.03%,-5.02,19.02,10.87%,12.36%,-1.49%,10.82%,29.90%,26.99%,97.02%,26.83%,3.34,3.71,90.26%,3.73,0.36,0.46,79.39%,0.4,8.57,10,-1.43,10,5.41,4.72,4.78,0.63,
酒店中餐厅,后勤管理中心,念心湖酒店,酒店本级,酒店中餐厅,142.58,156,91.40%,-13.42,171,0,0,,0,84.89,93.33,90.96%,101.15,57.69,62.67,92.05%,69.85,40.46%,40.17%,0.29%,40.85%,132.61,135.57,97.82%,142.04,40.07,36.7,109.16%,35.76,0,0,0,0.04,0,0,-115.04,-109.61,95.04%,-5.43,-107.94,-80.68%,-70.26%,-10.42%,-63.12%,93.01%,86.91%,97.82%,83.06%,1.08,1.15,93.44%,1.2,-0.87,-0.81,92.70%,-0.76,19,24,-5,24.29,6.98,5.85,5.65,1.33,
酒店客房部,后勤管理中心,念心湖酒店,酒店本级,酒店客房部,311.6,352.92,88.29%,-41.32,343.41,0,0,,1.21,-0.21,0,,0.94,0,352.92,0.00%,341.26,0.00%,100.00%,-100.00%,99.37%,91.1,88.89,102.49%,94.22,471.26,482.91,97.59%,465.8,0.05,0,0,0.72,0,0.09,-251.22,-218.88,85.23%,-32.34,-218.85,-80.62%,-62.02%,-18.60%,-63.73%,29.24%,25.19%,102.49%,27.44%,3.42,3.97,86.15%,3.64,-2.76,-2.46,88.01%,-2.32,13,15,-2,15.43,7.01,6.11,5.93,1.08,
后勤安全管理部,后勤管理中心,中心管理部门,后勤安全管理部,后勤安全管理部,19.13,22.36,85.55%,-3.23,17.72,0,0,,0,0,0,,0,19.13,22.36,85.55%,17.72,100.00%,100.00%,0.00%,100.00%,427.66,413.4,103.45%,427.62,81.65,98.47,82.92%,81.13,0.28,0,0.51,2.7,0,0,-492.6,-489.51,99.37%,-3.09,-490.52,-2575.01%,-2189.21%,-385.80%,-2768.72%,2235.52%,1848.84%,103.45%,2413.64%,0.04,0.05,82.70%,0.04,-1.15,-1.18,102.72%,-1.15,65.71,78,-12.29,77.57,6.51,5.51,5.3,1.21,
后勤餐饮运营部,后勤管理中心,中心管理部门,后勤餐饮运营部,后勤餐饮运营部,21.47,25.34,84.73%,-3.87,29.69,0,0,,-0.65,0.07,0,,-19.09,21.4,25.34,84.46%,49.43,99.68%,100.00%,-0.32%,166.48%,162.72,150.38,108.21%,145.88,14.22,38.47,36.97%,46.04,-0.38,0,8.26,0.84,0,0.11,-156.76,-163.51,104.13%,6.75,-134.34,-730.14%,-645.28%,-84.85%,-452.47%,757.90%,593.46%,108.21%,491.33%,0.13,0.17,78.30%,0.2,-0.96,-1.09,111.40%,-0.92,18,23,-5,22.29,9.04,6.55,6.54,2.5,
后勤管理中心总监室,后勤管理中心,中心管理部门,后勤管理中心总监室,后勤管理中心总监室,0,63.16,0.00%,-63.16,0,0,0,,0,0,0,,0,0,63.16,0.00%,0,,100.00%,-100.00%,,28.46,38.58,73.78%,48.04,353.93,408.85,86.57%,367.22,0,0,0,0,0,0,-382.39,-384.26,100.49%,1.87,-415.26,,-608.40%,608.40%,,,61.08%,73.78%,,0,1.64,0.00%,0,-13.43,-9.96,65.12%,-8.64,0.86,1,-0.14,2.71,33.21,17.7,38.58,-5.37,
后勤物业管理部,后勤管理中心,中心管理部门,后勤物业管理部,后勤物业管理部,"1,628.39","1,635.86",99.54%,-7.47,"1,514.23",0,0,,0,0,0,,0,"1,628.39","1,635.86",99.54%,"1,514.23",100.00%,100.00%,0.00%,100.00%,484.09,532.33,90.94%,527.4,"1,266.00","1,343.90",94.20%,"1,616.85",0.08,0,2.14,0.74,0,1.41,-122.36,-240.37,149.09%,118.01,-629.29,-7.51%,-14.69%,7.18%,-41.56%,29.73%,32.54%,90.94%,34.83%,3.36,3.07,109.46%,2.87,-0.25,-0.45,144.02%,-1.19,78.57,96,-17.43,90.29,6.16,5.84,5.55,0.62,
后勤综合管理部,后勤管理中心,中心管理部门,后勤综合管理部,后勤综合管理部,0,0,,0,0,0,0,,0,0,0,,0,0,0,,0,,,0.00%,,0,0,,0,0,0,,2.65,0,0,0.01,0,0,0,0,0,0.00%,0,-2.64,,,0.00%,,,,,,-1,-1,100.00%,0,-1,-1,100.00%,-528.29,0,0,0,2.57,,0,,,
生活体验广场,后勤管理中心,教育园特色餐饮,教育园特色餐饮,生活体验广场,"1,080.53","1,080.58",100.00%,-0.05,"1,001.74",0,0,,0.63,458.74,437.21,104.92%,401.12,621.79,643.36,96.65%,600,57.54%,59.54%,-1.99%,59.90%,238.86,231.59,103.14%,214.74,129.2,144.1,89.66%,160.66,0.41,0,0,1.44,0,0.3,252.71,267.68,94.41%,-14.97,224.3,23.39%,24.77%,-1.38%,22.39%,22.11%,21.43%,103.14%,21.44%,4.52,4.67,96.95%,4.66,1.06,1.16,91.53%,1.04,45.14,50,-4.86,48.43,5.29,4.43,4.63,0.66,
中西餐厅,后勤管理中心,教育园特色餐饮,教育园特色餐饮,中西餐厅,307.77,380.56,80.87%,-72.79,352.01,0,0,,0,115.95,137.13,84.55%,126.96,191.82,243.43,78.80%,225.05,62.33%,63.97%,-1.64%,63.93%,107.39,121.14,88.65%,104.24,28.07,30.03,93.49%,29.12,0,0,0.02,0.32,0,0,56.04,92.26,60.74%,-36.22,91.71,18.21%,24.24%,-6.03%,26.05%,34.89%,31.83%,88.65%,29.61%,2.87,3.14,91.23%,3.38,0.52,0.76,68.52%,0.88,21.29,27.86,-6.57,23.29,5.05,4.48,4.35,0.7,
中心管理部门,后勤管理中心,中心管理部门,,,"1,669.00","1,746.72",95.55%,-77.72,"1,561.64",0,0,,-0.65,0.07,0,,-19.09,"1,668.93","1,746.72",95.55%,"1,581.38",100.00%,100.00%,0.00%,101.26%,"1,102.93","1,134.69",97.20%,"1,148.95","1,715.80","1,889.68",90.80%,"2,113.89",-0.02,0,10.92,4.28,0,1.52,"-1,154.10","-1,277.65",109.67%,123.55,"-1,672.07",-69.15%,-73.15%,4.00%,-107.07%,66.08%,64.96%,97.20%,73.57%,1.51,1.54,98.30%,1.36,-1.05,-1.13,107.07%,-1.46,163.14,198,-34.86,195.43,6.76,5.88,5.73,1.03,营收/利润取值
后勤安全管理部,后勤管理中心,中心管理部门,后勤安全管理部,后勤安全管理部,19.13,22.36,85.55%,-3.23,17.72,0,0,,0,0,0,,0,19.13,22.36,85.55%,17.72,100.00%,100.00%,0.00%,100.00%,427.66,413.4,103.45%,427.62,81.65,98.47,82.92%,81.13,0.28,0,0.51,2.7,0,0,-492.6,-489.51,99.37%,-3.09,-490.52,-2575.01%,-2189.21%,-385.80%,-2768.72%,2235.52%,1848.84%,103.45%,2413.64%,0.04,0.05,82.70%,0.04,-1.15,-1.18,102.72%,-1.15,65.71,78,-12.29,77.57,6.51,5.51,5.3,1.21,
后勤餐饮运营部,后勤管理中心,中心管理部门,后勤餐饮运营部,后勤餐饮运营部,21.47,25.34,84.73%,-3.87,29.69,0,0,,-0.65,0.07,0,,-19.09,21.4,25.34,84.46%,49.43,99.68%,100.00%,-0.32%,166.48%,162.72,150.38,108.21%,145.88,14.22,38.47,36.97%,46.04,-0.38,0,8.26,0.84,0,0.11,-156.76,-163.51,104.13%,6.75,-134.34,-730.14%,-645.28%,-84.85%,-452.47%,757.90%,593.46%,108.21%,491.33%,0.13,0.17,78.30%,0.2,-0.96,-1.09,111.40%,-0.92,18,23,-5,22.29,9.04,6.55,6.54,2.5,
后勤管理中心总监室,后勤管理中心,中心管理部门,后勤管理中心总监室,后勤管理中心总监室,0,63.16,0.00%,-63.16,0,0,0,,0,0,0,,0,0,63.16,0.00%,0,,100.00%,-100.00%,,28.46,38.58,73.78%,48.04,353.93,408.85,86.57%,367.22,0,0,0,0,0,0,-382.39,-384.26,100.49%,1.87,-415.26,,-608.40%,608.40%,,,61.08%,73.78%,,0,1.64,0.00%,0,-13.43,-9.96,65.12%,-8.64,0.86,1,-0.14,2.71,33.21,17.7,38.58,-5.37,
后勤物业管理部,后勤管理中心,中心管理部门,后勤物业管理部,后勤物业管理部,"1,628.39","1,635.86",99.54%,-7.47,"1,514.23",0,0,,0,0,0,,0,"1,628.39","1,635.86",99.54%,"1,514.23",100.00%,100.00%,0.00%,100.00%,484.09,532.33,90.94%,527.4,"1,266.00","1,343.90",94.20%,"1,616.85",0.08,0,2.14,0.74,0,1.41,-122.36,-240.37,149.09%,118.01,-629.29,-7.51%,-14.69%,7.18%,-41.56%,29.73%,32.54%,90.94%,34.83%,3.36,3.07,109.46%,2.87,-0.25,-0.45,144.02%,-1.19,78.57,96,-17.43,90.29,6.16,5.84,5.55,0.62,
后勤综合管理部,后勤管理中心,中心管理部门,后勤综合管理部,后勤综合管理部,0,0,,0,0,0,0,,0,0,0,,0,0,0,,0,,,0.00%,,0,0,,0,0,0,,2.65,0,0,0.01,0,0,0,0,0,0.00%,0,-2.64,,,0.00%,,,,,,-1,-1,100.00%,0,-1,-1,100.00%,-528.29,0,0,0,2.57,,0,,,
三大区域,三大区域,,,,"18,936.15","30,302.34",62.49%,"-11,366.19","7,755.98","13,000.74","21,590.46",60.22%,"4,409.37","1,274.39","1,479.53",86.13%,"1,022.88","4,661.03","7,232.34",64.45%,"2,323.73",24.61%,23.87%,0.75%,29.96%,"3,341.39","3,704.60",90.20%,"1,317.19","1,856.12","2,079.37",89.26%,589.99,31.18,0.57,10.22,23.46,2,0.79,-528.78,"1,446.94",-36.54%,"-1,975.72",425.98,-2.79%,4.78%,-7.57%,5.49%,17.65%,12.23%,90.20%,16.98%,5.67,8.18,69.28%,5.89,-0.16,0.39,-40.52%,0.32,895.29,721.14,174.14,391.86,3.73,3.36,5.14,-1.4,
西南区域,三大区域,西南区域,,,"10,150.74","12,974.26",78.24%,"-2,823.52","5,836.59","7,232.74","9,328.24",77.54%,"3,692.33",660.33,646.48,102.14%,628.05,"2,257.67","2,999.55",75.27%,"1,516.20",22.24%,23.12%,-0.88%,25.98%,"1,331.49","1,469.37",90.62%,594.03,993.95,961.55,103.37%,370.74,25.99,0.51,4.72,19.55,2,0.01,-61.33,567.13,-10.81%,-628.46,556.13,-0.60%,4.37%,-4.98%,9.53%,13.12%,11.33%,90.62%,10.18%,7.62,8.83,86.34%,9.83,-0.05,0.39,-11.93%,0.94,393.29,281.14,112.14,199.57,3.39,2.98,5.23,-1.84,营收/利润取值
景东配送,三大区域,西南区域,存量,景东配送,"3,471.83","3,534.66",98.22%,-62.83,"3,287.74","3,007.51","3,029.99",99.26%,"2,724.47",5.76,7.05,81.64%,0.77,464.32,504.67,92.00%,562.5,13.37%,14.28%,-0.90%,17.11%,139.8,172.96,80.83%,186.63,183.16,159.2,115.05%,152.29,1.17,0,1.12,0.44,2,0.01,136.33,163.46,83.40%,-27.13,224.68,3.93%,4.62%,-0.70%,6.83%,4.03%,4.89%,80.83%,5.68%,24.83,20.44,121.52%,17.62,0.98,0.95,103.18%,1.2,30.43,43,-12.57,37.29,4.59,5.01,4.02,0.57,
江陵配送,三大区域,西南区域,存量,江陵配送,"2,040.75","2,446.35",83.42%,-405.6,468.25,"1,679.46","1,897.82",88.49%,378.88,1.04,0,,0,361.29,548.53,65.86%,89.37,17.70%,22.42%,-4.72%,19.09%,120.68,154.63,78.05%,25.78,309.95,312.43,99.21%,58.01,0.55,0,0,0,0,0,-69.84,81.47,-85.73%,-151.31,5.58,-3.42%,3.33%,-6.75%,1.19%,5.91%,6.32%,78.05%,5.51%,16.91,15.82,106.88%,18.17,-0.58,0.53,-109.84%,0.22,26.86,38,-11.14,12,4.49,2.15,4.07,0.42,
陆良配送,三大区域,西南区域,存量,陆良配送,"1,795.39","2,579.96",69.59%,-784.57,0,"1,535.77","2,040.37",75.27%,0,7.9,10.6,74.52%,0,259.62,539.59,48.12%,0,14.46%,20.91%,-6.45%,,132.55,182.45,72.65%,0,185.48,230.07,80.62%,0,1.05,0,0,0,0,0,-65.25,116.47,-56.02%,-181.72,0,-3.63%,4.51%,-8.15%,,7.38%,7.07%,72.65%,,13.54,14.14,95.79%,,-0.49,0.64,-77.11%,,38.43,50,-11.57,0,3.45,,3.65,-0.2,
镇沅配送,三大区域,西南区域,增量,镇沅配送,224.33,895.04,25.06%,-670.71,0,213.14,860.42,24.77%,0,0,0,,0,11.19,34.62,32.33%,0,4.99%,3.87%,1.12%,,6.65,6.62,100.45%,0,1.4,3.21,43.56%,0,0,0,0,0,0,0,3.15,24.79,12.70%,-21.64,0,1.40%,2.77%,-1.37%,,2.96%,0.74%,100.45%,,33.75,135.24,24.95%,,0.47,3.75,12.65%,,0.43,0,0.43,0,15.51,,,,
长顺配送,三大区域,西南区域,增量,长顺配送,0,0,,0,0,0,0,,0,0,0,,0,0,0,,0,,,0.00%,,1.09,0,,0,0.15,0,,0,0,0,0,0,0,0,-1.25,0,0.00%,-1.25,0,,,0.00%,,,,,,0,-1,200.00%,,-1.14,-1,85.65%,,0.14,0,0.14,0,7.65,,,,
康铭景东一中餐厅,三大区域,西南区域,存量,康铭景东一中餐厅,460.42,515.01,89.40%,-54.59,502.97,-0.35,0,,0,296.36,335.68,88.29%,246.48,164.41,179.33,91.68%,256.49,35.71%,34.82%,0.89%,51.00%,99.34,107.37,92.52%,120.68,78,42.01,185.65%,24.67,0.4,0,1.96,0.16,0,0,-12.7,29.95,-42.41%,-42.65,113.1,-2.76%,5.82%,-8.57%,22.49%,21.58%,20.85%,92.52%,23.99%,4.63,4.8,96.62%,4.17,-0.13,0.28,-45.83%,0.94,32.29,38,-5.71,39,3.08,3.09,2.83,0.25,
元谋一中食堂,三大区域,西南区域,存量,元谋一中食堂,437.2,434.63,100.59%,2.57,443.36,0,0,,0,319.21,293.15,108.89%,212.27,117.99,141.47,83.40%,231.09,26.99%,32.55%,-5.56%,52.12%,79.44,88.2,90.07%,82.38,89.34,20.73,431.03%,33.72,18.22,0,0.14,18.21,0,0,-50.79,32.55,-156.05%,-83.34,115.12,-11.62%,7.49%,-19.11%,25.97%,18.17%,20.29%,90.07%,18.58%,5.5,4.93,111.68%,5.38,-0.64,0.37,-173.25%,1.4,30.71,36,-5.29,36.57,2.59,2.25,2.45,0.14,
皓峰无量初中店,三大区域,西南区域,存量,皓峰无量初中店,174.46,126.72,137.67%,47.74,74.71,120.35,88.93,135.33%,50.73,0,0,,0,54.11,37.79,143.19%,23.98,31.02%,29.82%,1.20%,32.10%,7.78,5.58,139.41%,2.79,4.7,6.39,73.46%,1.03,0.32,0,0.37,0.01,0,0,41.94,25.82,162.46%,16.12,20.52,24.04%,20.37%,3.67%,27.47%,4.46%,4.41%,139.41%,3.74%,22.41,22.7,98.75%,26.74,5.39,4.62,116.53%,7.35,3,3,0,1.71,2.59,1.63,1.86,0.73,
皓峰景东彝族海高店,三大区域,西南区域,存量,皓峰景东彝族海高店,334.01,388.31,86.02%,-54.3,382.61,228.85,273,83.83%,261.17,0,0,,0,105.16,115.31,91.20%,121.44,31.48%,29.70%,1.79%,31.74%,18.92,18.44,102.60%,19.88,6.34,3.39,187.00%,2.97,1.4,0,0.26,0.62,0,0,80.68,93.48,86.31%,-12.8,98.84,24.15%,24.07%,0.08%,25.83%,5.67%,4.75%,102.60%,5.20%,17.65,21.05,83.83%,19.24,4.26,5.07,84.12%,4.97,5.14,6,-0.86,6,3.68,3.31,3.07,0.61,
皓峰景东一中店,三大区域,西南区域,存量,皓峰景东一中店,266.91,194.57,137.18%,72.34,225.15,185.73,130.98,141.80%,151.86,0,0,,-10.65,81.18,63.59,127.66%,83.94,30.42%,32.68%,-2.27%,37.28%,18.58,21.42,86.73%,32.64,7.97,13.03,61.16%,5.78,1.69,0.28,0.42,0.01,0,0,56.32,29.43,191.38%,26.89,45.93,21.10%,15.12%,5.98%,20.40%,6.96%,11.01%,86.73%,14.50%,14.37,9.08,158.17%,6.9,3.03,1.37,220.67%,1.41,5.71,7,-1.29,8,3.25,4.08,3.06,0.19,
皓峰天等海高店,三大区域,西南区域,存量,皓峰天等海高店,302.32,245.89,122.95%,56.43,179.55,208.42,171.54,121.50%,125.22,0,0,,0,93.9,74.35,126.29%,54.32,31.06%,30.24%,0.82%,30.26%,14.37,15.86,90.56%,14.42,5.95,6.78,87.66%,6.47,1.2,0.23,0.25,0.1,0,0,74.69,51.94,143.81%,22.75,33.68,24.71%,21.12%,3.58%,18.76%,4.75%,6.45%,90.56%,8.03%,21.04,15.5,135.76%,12.45,5.2,3.27,158.80%,2.34,5,6,-1,4.71,2.87,3.06,2.64,0.23,
天等高中物业服务,三大区域,西南区域,增量,天等高中物业服务,7.73,18.03,42.86%,-10.3,0,0,0,,0,0,0,,0,7.73,18.03,42.85%,0,99.97%,100.00%,-0.03%,,0,0,,0,6.52,8.13,80.29%,0,0,0,0,0,0,0,1.2,9.91,12.11%,-8.71,0,15.52%,54.95%,-39.42%,,0.03%,0.00%,,,"3,718.13",-1,372013.37%,,577.2,-1,57920.06%,,0,0,0,0,,,,,
红培基地劳务派遣,三大区域,西南区域,增量,红培基地劳务派遣,77.78,78.39,99.22%,-0.61,0,0,0,,0,1.67,0,,0,-14.76,2.44,-604.78%,0,-18.97%,3.11%,-22.08%,,92.54,75.95,121.84%,0,1.13,0.36,313.46%,0,0,0,0,0,0,0,-17.55,2.08,-843.75%,-19.63,0,-22.56%,2.65%,-25.22%,,118.97%,96.89%,121.84%,,0.84,1.03,81.44%,,-0.19,0.03,-692.51%,,24.29,0,24.29,0,3.81,,,,
若尔盖食堂劳务外包,三大区域,西南区域,增量,若尔盖食堂劳务外包,491.45,490.75,100.14%,0.7,0,0,0,,0,1.64,0,,0,7.43,49.91,14.89%,0,1.51%,10.17%,-8.66%,,484.02,440.84,109.79%,0,18.12,17.2,105.33%,0,0,0,0,0,0,0,-12.33,32.71,-37.70%,-45.04,0,-2.51%,6.66%,-9.17%,,98.49%,89.83%,109.79%,,1.02,1.11,91.21%,,-0.03,0.07,-34.33%,,180,0,180,0,2.69,,,,
西南元谋集采项目,三大区域,西南区域,存量,西南元谋集采项目,51.54,0,,51.54,0,53.35,0,,0,0,0,,0,-1.81,0,,0,-3.51%,,-3.51%,,0,0,,0,0,0,,0,0,0,0,0,0,0,-1.81,0,0.00%,-1.81,0,-3.51%,,-3.51%,,0.00%,,,,-1,-1,100.00%,,-1,-1,100.00%,,0,0,0,0,,,,,
西南新拓配送业务3,三大区域,西南区域,增量,西南新拓配送业务3,0,0,,0,0,0,0,,0,0,0,,0,0,0,,0,,,0.00%,,0,0,,0,0,0,,0,0,0,0,0,0,0,0,0,0.00%,0,0,,,0.00%,,,,,,-1,-1,100.00%,,-1,-1,100.00%,,0,0,0,0,,,,,
西南新拓配送业务2,三大区域,西南区域,增量,西南新拓配送业务2,0,"1,024.06",0.00%,"-1,024.06",0,0,835.2,0.00%,0,0,0,,0,0,188.86,0.00%,0,,18.44%,-18.44%,,0,29.72,0.00%,0,0,57.33,0.00%,0,0,0,0,0,0,0,0,101.81,0.00%,-101.81,0,,9.94%,-9.94%,,,2.90%,0.00%,,-1,34.46,-2.90%,,-1,3.43,-29.19%,,0,17.14,-17.14,0,,,1.73,,
西南新拓配送业务1,三大区域,西南区域,增量,西南新拓配送业务1,0,0,,0,0,0,0,,0,0,0,,0,0,0,,0,,,0.00%,,0,0,,0,0,0,,0,0,0,0,0,0,0,0,0,0.00%,0,0,,,0.00%,,,,,,-1,-1,100.00%,,-1,-1,100.00%,,0,22.86,-22.86,0,,,0,,
石屏一中食堂,三大区域,西南区域,存量,石屏一中食堂,12.72,0,,12.72,272.26,0.52,0,,0,26.68,0,,179.19,-14.48,0,,93.08,-113.85%,,-113.85%,34.19%,3.32,0,,39.26,2.95,0,,39.18,0,0,0.22,0,0,0,-20.75,0,0.00%,-20.75,14.85,-163.13%,,-163.13%,5.45%,26.10%,,,14.42%,3.83,-1,583.15%,6.93,-6.25,-1,-425.03%,0.38,3,3,0,16.57,1.11,2.37,0,1.11,
琼林育贤科技项目,三大区域,西南区域,存量,琼林育贤科技项目,1.89,1.89,100.00%,0,0,0,0,,0,0,0,,0,1.89,1.89,100.00%,0,100.00%,100.00%,0.00%,,0,0,,0,2.52,2.52,100.00%,0.36,0,0,0,0,0,0,-0.63,-0.63,100.10%,0,-0.36,-33.33%,-33.37%,0.03%,,0.00%,0.00%,,,-1,-1,100.00%,,-1,-1,100.00%,,0,0,0,0,,,,,
西南区域总经理室,三大区域,西南区域,区域管理部门,西南区域总经理室,0,0,,0,0,0,0,,0,0.07,0,,0,-0.07,0,,0,,,0.00%,,112.4,149.32,75.27%,69.57,90.27,78.76,114.62%,46.24,0,0,0,0,0,0,-202.75,-228.08,111.11%,25.33,-115.81,,,0.00%,,,,75.27%,,0,0,,0,-1.8,-1.53,81.91%,-1.66,7.86,11.14,-3.29,5.71,14.31,12.18,13.4,0.9,
北部区域,三大区域,北部区域,,,"1,791.25","6,830.32",26.22%,"-5,039.07","1,107.90",177.03,"4,128.45",4.29%,243.98,567.79,756.88,75.02%,311.47,"1,046.43","1,944.99",53.80%,552.45,58.42%,28.48%,29.94%,49.86%,970.47,"1,149.82",84.40%,432.12,362.71,493.78,73.46%,165.51,2.48,0.06,5.16,3.86,0,0,-288.13,301.45,-95.58%,-589.58,-40.02,-16.09%,4.41%,-20.50%,-3.61%,54.18%,16.83%,84.40%,39.00%,1.85,5.94,31.07%,2.56,-0.3,0.26,-113.25%,-0.09,244.57,235.57,9,133.71,3.97,3.23,4.88,-0.91,营收/利润取值
周口配送,三大区域,北部区域,存量,周口配送,-835.49,385,-217.01%,"-1,220.49",3.51,-808.13,349.6,-231.16%,3.4,0.27,0,,0,-27.36,35.4,-77.29%,0.11,3.27%,9.19%,-5.92%,3.03%,36.77,61.23,60.06%,17.72,34.04,16.85,201.99%,9.71,0.17,0,0,0,0,0,-98.27,-42.69,-30.22%,-55.58,-27.32,11.76%,-11.09%,22.85%,-778.22%,-4.40%,15.91%,60.06%,504.76%,-22.72,6.29,-361.35%,0.2,-2.67,-0.7,-183.35%,-1.54,35.43,19.14,16.29,3.43,1.04,5.17,3.2,-2.16,
周口配送-团仓店,三大区域,北部区域,存量,周口配送-团仓店,0.82,0,,0.82,0,0,0,,0,0,0,,0,0.82,0,,0,100.00%,,100.00%,,1.22,0,,0,1.19,0,,0,0,0,0,0,0,0,-1.59,0,0.00%,-1.59,0,-193.90%,,-193.90%,,148.99%,,,,0.67,-1,267.12%,,-1.3,-1,69.85%,,0,0,0,0,,,,,
长治配送,三大区域,北部区域,增量,长治配送,325.51,997.6,32.63%,-672.09,0,278.02,806.82,34.46%,0,0,0,,0,47.49,190.78,24.89%,0,14.59%,19.12%,-4.54%,,58.39,63.82,91.49%,0,91.81,62.99,145.75%,0,0,0,0,0,0,0,-102.71,63.97,-160.57%,-166.68,0,-31.55%,6.41%,-37.97%,,17.94%,6.40%,91.49%,,5.57,15.63,35.66%,,-1.76,1,-175.50%,,19.29,0,19.29,0,3.03,,,,
南阳配送,三大区域,北部区域,增量,南阳配送,400.89,"1,750.00",22.91%,"-1,349.11",0,325.9,"1,401.50",23.25%,0,0.43,0,,0,74.99,348.5,21.52%,0,18.71%,19.91%,-1.21%,,44.04,122.15,36.05%,0,41.9,131.87,31.77%,0,0.03,0,0,0.04,0,0,-11.4,94.48,-12.07%,-105.88,0,-2.84%,5.40%,-8.24%,,10.98%,6.98%,36.05%,,9.1,14.33,63.54%,,-0.26,0.77,-33.47%,,12.71,32.14,-19.43,0,3.46,,3.8,-0.34,
房山区配送,三大区域,北部区域,增量,房山区配送,0,"1,490.82",0.00%,"-1,490.82",0,0,"1,193.38",0.00%,0,0,0,,0,0,297.44,0.00%,0,,19.95%,-19.95%,,39.17,99.6,39.33%,0,7.55,125.73,6.00%,0,0,0,0,0,0,0,-46.71,72.11,-64.77%,-118.82,0,,4.84%,-4.84%,,,6.68%,39.33%,,0,14.97,0.00%,,-1.19,0.72,-164.71%,,2.29,0,2.29,0,17.14,,,,
玉门一中食堂,三大区域,北部区域,存量,玉门一中食堂,510.67,663,77.02%,-152.33,592.99,-0.14,0,,0,247.53,366,67.63%,311.47,263.28,297,88.65%,281.52,51.56%,44.80%,6.76%,47.47%,170.13,184.59,92.17%,184.6,54.64,50.26,108.72%,68.87,0,0,5.03,0.07,0,0,38.44,62.15,61.85%,-23.71,33.08,7.53%,9.37%,-1.85%,5.58%,33.32%,27.84%,92.17%,31.13%,3,3.59,83.57%,3.21,0.23,0.34,67.10%,0.18,47.57,57,-9.43,62.14,3.58,2.97,3.24,0.34,
玉门一中后勤,三大区域,北部区域,存量,玉门一中后勤,142.44,155.19,91.78%,-12.75,148,0,0,,0,0,0,,0,8.69,10.24,84.83%,23.39,6.10%,6.60%,-0.50%,15.80%,133.75,144.95,92.28%,124.61,6.02,1.49,403.47%,42.77,0,0,0,0,0,0,2.67,8.75,30.52%,-6.08,-19.38,1.87%,5.64%,-3.76%,-13.09%,93.90%,93.40%,92.28%,84.20%,1.06,1.07,99.47%,1.19,0.02,0.06,33.07%,-0.16,46.43,56,-9.57,53.14,2.88,2.34,2.59,0.29,
皓峰玉门一中店,三大区域,北部区域,存量,皓峰玉门一中店,323.42,343.88,94.05%,-20.46,299.38,230.18,243.42,94.56%,212.32,0,0,,0,93.24,100.46,92.82%,87.06,28.83%,29.21%,-0.38%,29.08%,20.81,22.36,93.09%,21.01,1.74,1.38,126.09%,1.68,0.08,0.06,0.07,0,0,0,70.77,76.78,92.17%,-6.01,64.44,21.88%,22.33%,-0.45%,21.52%,6.43%,6.50%,93.09%,7.02%,15.54,15.38,101.03%,14.25,3.4,3.43,99.01%,3.07,6.86,8,-1.14,8,3.04,2.63,2.79,0.24,
玉门一中项目本级,三大区域,北部区域,存量,玉门一中项目本级,0,0,,0,0,0.17,0,,0,0,0,,0,-0.17,0,,0,,,0.00%,,18.96,17.17,110.41%,13.72,1.34,0.39,345.32%,1.58,1.37,0,0.04,0,0,0,-19.09,-17.56,91.26%,-1.53,-15.26,,,0.00%,,,,110.41%,,0,0,,0,-1.01,-1.02,101.51%,-1.11,2,2,0,0.57,9.48,24.01,8.58,0.89,
兰州新区餐饮项目,三大区域,北部区域,增量,兰州新区餐饮项目,332.06,467.8,70.98%,-135.74,0,0,0,,0,211.64,269.21,78.61%,0,120.42,198.59,60.64%,0,36.27%,42.45%,-6.19%,,107.04,77.95,137.32%,0,35.3,68.47,51.55%,0,0.22,0,0,0.01,0,0,-21.69,52.17,-41.58%,-73.86,0,-6.53%,11.15%,-17.68%,,32.24%,16.66%,137.32%,,3.1,6,51.69%,,-0.2,0.67,-30.28%,,28.29,22.29,6,0,3.78,,3.5,0.29,
兰州新区便利店项目,三大区域,北部区域,增量,兰州新区便利店项目,203.12,120,169.27%,83.12,0,149.53,86.73,172.40%,0,0,0,,0,53.59,33.27,161.09%,0,26.38%,27.72%,-1.34%,,10.38,9.75,106.49%,0,2.16,0.51,422.12%,0,0.5,0,0,0.01,0,0,41.54,23,180.57%,18.54,0,20.45%,19.17%,1.28%,,5.11%,8.12%,106.49%,,19.56,12.31,158.95%,,4,2.36,169.56%,,4.29,2.86,1.43,0,2.42,,3.41,-0.99,
腾飞路小学食堂,三大区域,北部区域,增量,腾飞路小学食堂,201.78,206.02,97.94%,-4.24,0,0,0,,0,107.92,121.67,88.70%,0,93.86,84.35,111.27%,0,46.52%,40.94%,5.57%,,54.4,58.2,93.48%,0,11.67,9.8,119.06%,0,0.1,0,0,0,0,0,27.89,16.36,170.52%,11.53,0,13.82%,7.94%,5.88%,,26.96%,28.25%,93.48%,,3.71,3.54,104.77%,,0.51,0.28,182.42%,,16.57,21.71,-5.14,0,3.28,,2.68,0.6,
周口示范区物业,三大区域,北部区域,增量,周口示范区物业,177.45,201,88.28%,-23.55,0,0,0,,0,0,0,,0,29.27,20.29,144.26%,0,16.49%,10.09%,6.40%,,148.18,180.71,82.00%,0,11.22,1.25,897.96%,0,0,0,0,0,0,0,18.05,19.04,94.81%,-0.99,0,10.17%,9.47%,0.70%,,83.51%,89.91%,82.00%,,1.2,1.11,107.66%,,0.12,0.11,115.62%,,13,0,13,0,11.4,,,,
达拉特旗校服,三大区域,北部区域,存量,达拉特旗校服,5.2,50,10.40%,-44.8,25.55,1.5,47,3.19%,0,0,0,,0,3.7,3,123.38%,25.55,71.18%,6.00%,65.18%,100.00%,0,0,,0,0,0,,0,0,0,0,0,0,0,3.7,3,123.33%,0.7,25.55,71.15%,6.00%,65.15%,100.00%,0.00%,0.00%,,0.00%,-1,-1,100.00%,,-1,-1,100.00%,,0,0,0,0,,,,,
北部新拓配送业务2,三大区域,北部区域,增量,北部新拓配送业务2,0,0,,0,0,0,0,,0,0,0,,0,0,0,,0,,,0.00%,,0,0,,0,0,0,,0,0,0,0,0,0,0,0,0,0.00%,0,0,,,0.00%,,,,,,-1,-1,100.00%,,-1,-1,100.00%,,0,0,0,0,,,,,
北部新拓配送业务3,三大区域,北部区域,增量,北部新拓配送业务3,0,0,,0,0,0,0,,0,0,0,,0,0,0,,0,,,0.00%,,0,0,,0,0,0,,0,0,0,0,0,0,0,0,0,0.00%,0,0,,,0.00%,,,,,,-1,-1,100.00%,,-1,-1,100.00%,,0,0,0,0,,,,,
西安吉利便利店,三大区域,北部区域,存量,西安吉利便利店,0,0,,0,38.48,0,0,,28.19,0,0,,0,0,0,,10.29,,,0.00%,26.75%,0,0,,7.94,1.18,1.31,90.04%,18.43,0,0,0.02,3.73,0,0,-4.91,-1.31,-175.87%,-3.6,-16.06,,,0.00%,-41.75%,,,,20.63%,-1,-1,100.00%,4.85,-1,-1,100.00%,-2.02,0,0,0,2.57,,3.09,,,
北部区域总经理室,三大区域,北部区域,区域管理部门,北部区域总经理室,3.39,0,,3.39,0,0,0,,0.07,0,0,,0,3.39,0,,-0.07,100.00%,,100.00%,,127.22,107.34,118.51%,62.52,60.96,21.47,283.89%,22.47,0,0,0,0,0,0,-184.79,-128.82,56.55%,-55.97,-85.06,-5451.03%,,-5451.03%,,3752.72%,,118.51%,,0.03,0,,0,-1.45,-1.2,78.96%,-1.36,9.86,7,2.86,3.86,12.91,16.21,15.33,-2.43,
东部区域,三大区域,东部区域,,,"6,994.16","10,497.76",66.63%,"-3,503.60",811.5,"5,590.97","8,133.77",68.74%,473.06,46.26,76.18,60.72%,83.35,"1,356.93","2,287.81",59.31%,255.08,19.40%,21.79%,-2.39%,31.43%,"1,039.43","1,085.41",95.76%,291.04,499.46,624.04,80.04%,53.74,2.71,0,0.34,0.06,0,0.78,-179.31,578.36,-31.00%,-757.67,-90.13,-2.56%,5.51%,-8.07%,-11.11%,14.86%,10.34%,95.76%,35.86%,6.73,9.67,69.57%,2.79,-0.17,0.53,-32.37%,-0.31,257.43,204.43,53,58.57,4.04,4.97,5.31,-1.27,营收/利润取值
亳州配送,三大区域,东部区域,存量,亳州配送,"4,506.07","3,948.14",114.13%,557.93,0,"3,884.48","3,226.90",120.38%,0,0,0,,0,621.59,721.24,86.18%,0,13.79%,18.27%,-4.47%,,207.9,258.06,80.56%,0,271.05,227.38,119.21%,0,2.68,0,0,0.01,0,0,145.3,235.8,61.62%,-90.5,0,3.22%,5.97%,-2.75%,,4.61%,6.54%,80.56%,,21.67,15.3,141.67%,,0.7,0.91,76.48%,,59.43,62,-2.57,0,3.5,,4.16,-0.66,
嘉祥配送,三大区域,东部区域,存量,嘉祥配送,"1,066.32","1,173.00",90.91%,-106.68,480.34,972.24,"1,046.37",92.92%,464.39,0,0,,0,94.08,126.63,74.30%,15.95,8.82%,10.80%,-1.97%,3.32%,67.61,74.03,91.32%,44.21,36.89,34.2,107.86%,30.48,0,0,0,0.02,0,0,-10.44,18.39,-56.76%,-28.83,-58.75,-0.98%,1.57%,-2.55%,-12.23%,6.34%,6.31%,91.32%,9.20%,15.77,15.84,99.54%,10.86,-0.15,0.25,-62.15%,-1.33,15.14,19,-3.86,13.29,4.46,3.33,3.9,0.57,
利辛配送,三大区域,东部区域,存量,利辛配送,826.76,"1,342.06",61.60%,-515.3,0,691.77,"1,116.88",61.94%,0,0.56,0,,0,134.99,225.18,59.95%,0,16.33%,16.78%,-0.45%,,67.19,66.66,100.80%,0,84.6,112.53,75.18%,0,0,0,0,0.02,0,0,-17.37,45.99,-37.77%,-63.36,0,-2.10%,3.43%,-5.53%,,8.13%,4.97%,100.80%,,12.3,20.13,61.12%,,-0.26,0.69,-37.47%,,11.29,0,11.29,0,5.95,,,,
鸠江配送,三大区域,东部区域,增量,鸠江配送,42.4,970.5,4.37%,-928.1,0,39.63,786.16,5.04%,0,0,0,,0,2.77,184.34,1.50%,0,6.54%,18.99%,-12.46%,,10.14,55,18.44%,0,7.69,57.64,13.34%,0,0,0,0,0,0,0,-15.05,71.7,-20.99%,-86.75,0,-35.50%,7.39%,-42.88%,,23.91%,5.67%,18.44%,,4.18,17.65,23.70%,,-1.48,1.3,-113.86%,,0.57,0,0.57,0,17.74,,,,
武夷山餐饮项目,三大区域,东部区域,存量,武夷山餐饮项目,85.9,148.26,57.94%,-62.36,169.49,0,0,,0,42.97,76.18,56.40%,83.35,42.93,72.08,59.56%,86.13,49.98%,48.62%,1.36%,50.82%,25.15,31.58,79.64%,33.22,5.81,7.48,77.66%,0.5,0,0,0.17,0,0,0,11.97,33.02,36.25%,-21.05,52.59,13.93%,22.27%,-8.33%,31.03%,29.28%,21.30%,79.64%,19.60%,3.42,4.69,72.75%,5.1,0.48,1.05,45.52%,1.58,5.29,9.86,-4.57,8,4.76,4.15,3.2,1.55,
武夷山物业项目,三大区域,东部区域,存量,武夷山物业项目,13.02,15.36,84.77%,-2.34,50.92,0,0,,0,0,0,,0,0.38,0.2,188.21%,4.72,2.95%,1.33%,1.62%,9.28%,12.64,15.16,83.37%,46.2,0,0,,0.23,0,0,0,0,0,0,0.38,0.2,185.89%,0.18,4.49,2.92%,1.33%,1.59%,8.83%,97.05%,98.67%,83.37%,90.72%,1.03,1.01,101.67%,1.1,0.03,0.01,222.97%,0.1,3.71,13.71,-10,12.14,3.4,3.8,1.11,2.3,
武夷山便利店项目,三大区域,东部区域,存量,武夷山便利店项目,3.63,35,10.37%,-31.37,25.27,2.85,24.5,11.64%,8.67,0,0,,0,0.78,10.5,7.41%,16.6,21.44%,30.00%,-8.56%,65.68%,2.55,2.51,101.37%,4.62,0.7,2.93,23.91%,2.18,0.03,0,0.16,0,0,0,-2.44,5.06,-48.24%,-7.5,9.96,-67.22%,14.45%,-81.67%,39.42%,70.12%,7.17%,101.37%,18.26%,1.43,13.94,10.23%,5.48,-0.96,2.01,-47.59%,2.16,0.86,1,-0.14,1.71,2.97,2.69,2.51,0.46,
亳州食堂雇员派遣,三大区域,东部区域,增量,亳州食堂雇员派遣,450.07,360,125.02%,90.07,0,0,0,,0,2.73,0,,0,-79.1,53.71,-147.27%,0,-17.57%,14.92%,-32.49%,,529.17,306.29,172.76%,0,40.65,25.08,162.07%,0,0,0,0,0,0,0,-122.48,28.62,-427.90%,-151.1,0,-27.21%,7.95%,-35.16%,,117.57%,85.08%,172.76%,,0.85,1.18,72.36%,,-0.23,0.09,-247.68%,,152,65.29,86.71,0,3.48,,4.69,-1.21,
济宁高新区配送,三大区域,东部区域,增量,济宁高新区配送,0,0,,0,0,0,0,,0,0,0,,0,0,0,,0,,,0.00%,,0,0,,0,0,0,,0,0,0,0,0,0,0,0,0,0.00%,0,0,,,0.00%,,,,,,-1,-1,100.00%,,-1,-1,100.00%,,0,0,0,0,,,,,
东部新拓配送业务1,三大区域,东部区域,增量,东部新拓配送业务1,0,"2,505.44",0.00%,"-2,505.44",0,0,"1,932.96",0.00%,0,0,0,,0,0,572.48,0.00%,0,,22.85%,-22.85%,,0,153.66,0.00%,0,0,130.19,0.00%,0,0,0,0,0,0,0,0,288.63,0.00%,-288.63,0,,11.52%,-11.52%,,,6.13%,0.00%,,-1,16.31,-6.13%,,-1,1.88,-53.24%,,0,26,-26,0,,,5.91,,
东部新拓配送业务3,三大区域,东部区域,增量,东部新拓配送业务3,0,0,,0,0,0,0,,0,0,0,,0,0,0,,0,,,0.00%,,0,0,,0,0,0,,0,0,0,0,0,0,0,0,0,0.00%,0,0,,,0.00%,,,,,,-1,-1,100.00%,,-1,-1,100.00%,,0,0,0,0,,,,,
东部新拓配送业务5,三大区域,东部区域,增量,东部新拓配送业务5,0,0,,0,0,0,0,,0,0,0,,0,0,0,,0,,,0.00%,,0,0,,0,0,0,,0,0,0,0,0,0,0,0,0,0.00%,0,0,,,0.00%,,,,,,-1,-1,100.00%,,-1,-1,100.00%,,0,0,0,0,,,,,
帕瓦项目,三大区域,东部区域,存量,帕瓦项目,0,0,,0,85.48,0,0,,0,0,0,,0,-1.49,0,,-11.95,,,0.00%,-13.98%,1.49,0,,97.43,0.26,0,,1.27,0,0,0,0,0,0.78,-1.74,0,0.00%,-1.74,-14,,,0.00%,-16.38%,,,,113.98%,0,-1,200.00%,0.88,-1.17,-1,83.05%,-0.14,0,0,0,19.86,,4.91,,,
东部区域总经理室,三大区域,东部区域,区域管理部门,东部区域总经理室,0,0,,0,0,0,0,,0,0,0,,0,0,0,,0,,,0.00%,,115.61,122.45,94.41%,65.36,51.82,26.6,194.78%,19.07,0,0,0,0,0,0,-167.43,-149.06,87.67%,-18.37,-84.43,,,0.00%,,,,94.41%,,0,0,,0,-1.45,-1.22,81.02%,-1.29,9.14,7.57,1.57,3.57,12.64,18.3,16.17,-3.53,
西南区域,三大区域,西南区域,,,"10,150.74","12,974.26",78.24%,"-2,823.52","5,836.59","7,232.74","9,328.24",77.54%,"3,692.33",660.33,646.48,102.14%,628.05,"2,257.67","2,999.55",75.27%,"1,516.20",22.24%,23.12%,-0.88%,25.98%,"1,331.49","1,469.37",90.62%,594.03,993.95,961.55,103.37%,370.74,25.99,0.51,4.72,19.55,2,0.01,-61.33,567.13,-10.81%,-628.46,556.13,-0.60%,4.37%,-4.98%,9.53%,13.12%,11.33%,90.62%,10.18%,7.62,8.83,86.34%,9.83,-0.05,0.39,-11.93%,0.94,393.29,281.14,112.14,199.57,3.39,2.98,5.23,-1.84,营收/利润取值
景东配送,三大区域,西南区域,存量,景东配送,"3,471.83","3,534.66",98.22%,-62.83,"3,287.74","3,007.51","3,029.99",99.26%,"2,724.47",5.76,7.05,81.64%,0.77,464.32,504.67,92.00%,562.5,13.37%,14.28%,-0.90%,17.11%,139.8,172.96,80.83%,186.63,183.16,159.2,115.05%,152.29,1.17,0,1.12,0.44,2,0.01,136.33,163.46,83.40%,-27.13,224.68,3.93%,4.62%,-0.70%,6.83%,4.03%,4.89%,80.83%,5.68%,24.83,20.44,121.52%,17.62,0.98,0.95,103.18%,1.2,30.43,43,-12.57,37.29,4.59,5.01,4.02,0.57,
江陵配送,三大区域,西南区域,存量,江陵配送,"2,040.75","2,446.35",83.42%,-405.6,468.25,"1,679.46","1,897.82",88.49%,378.88,1.04,0,,0,361.29,548.53,65.86%,89.37,17.70%,22.42%,-4.72%,19.09%,120.68,154.63,78.05%,25.78,309.95,312.43,99.21%,58.01,0.55,0,0,0,0,0,-69.84,81.47,-85.73%,-151.31,5.58,-3.42%,3.33%,-6.75%,1.19%,5.91%,6.32%,78.05%,5.51%,16.91,15.82,106.88%,18.17,-0.58,0.53,-109.84%,0.22,26.86,38,-11.14,12,4.49,2.15,4.07,0.42,
陆良配送,三大区域,西南区域,存量,陆良配送,"1,795.39","2,579.96",69.59%,-784.57,0,"1,535.77","2,040.37",75.27%,0,7.9,10.6,74.52%,0,259.62,539.59,48.12%,0,14.46%,20.91%,-6.45%,,132.55,182.45,72.65%,0,185.48,230.07,80.62%,0,1.05,0,0,0,0,0,-65.25,116.47,-56.02%,-181.72,0,-3.63%,4.51%,-8.15%,,7.38%,7.07%,72.65%,,13.54,14.14,95.79%,,-0.49,0.64,-77.11%,,38.43,50,-11.57,0,3.45,,3.65,-0.2,
镇沅配送,三大区域,西南区域,增量,镇沅配送,224.33,895.04,25.06%,-670.71,0,213.14,860.42,24.77%,0,0,0,,0,11.19,34.62,32.33%,0,4.99%,3.87%,1.12%,,6.65,6.62,100.45%,0,1.4,3.21,43.56%,0,0,0,0,0,0,0,3.15,24.79,12.70%,-21.64,0,1.40%,2.77%,-1.37%,,2.96%,0.74%,100.45%,,33.75,135.24,24.95%,,0.47,3.75,12.65%,,0.43,0,0.43,0,15.51,,,,
长顺配送,三大区域,西南区域,增量,长顺配送,0,0,,0,0,0,0,,0,0,0,,0,0,0,,0,,,0.00%,,1.09,0,,0,0.15,0,,0,0,0,0,0,0,0,-1.25,0,0.00%,-1.25,0,,,0.00%,,,,,,0,-1,200.00%,,-1.14,-1,85.65%,,0.14,0,0.14,0,7.65,,,,
康铭景东一中餐厅,三大区域,西南区域,存量,康铭景东一中餐厅,460.42,515.01,89.40%,-54.59,502.97,-0.35,0,,0,296.36,335.68,88.29%,246.48,164.41,179.33,91.68%,256.49,35.71%,34.82%,0.89%,51.00%,99.34,107.37,92.52%,120.68,78,42.01,185.65%,24.67,0.4,0,1.96,0.16,0,0,-12.7,29.95,-42.41%,-42.65,113.1,-2.76%,5.82%,-8.57%,22.49%,21.58%,20.85%,92.52%,23.99%,4.63,4.8,96.62%,4.17,-0.13,0.28,-45.83%,0.94,32.29,38,-5.71,39,3.08,3.09,2.83,0.25,
元谋一中食堂,三大区域,西南区域,存量,元谋一中食堂,437.2,434.63,100.59%,2.57,443.36,0,0,,0,319.21,293.15,108.89%,212.27,117.99,141.47,83.40%,231.09,26.99%,32.55%,-5.56%,52.12%,79.44,88.2,90.07%,82.38,89.34,20.73,431.03%,33.72,18.22,0,0.14,18.21,0,0,-50.79,32.55,-156.05%,-83.34,115.12,-11.62%,7.49%,-19.11%,25.97%,18.17%,20.29%,90.07%,18.58%,5.5,4.93,111.68%,5.38,-0.64,0.37,-173.25%,1.4,30.71,36,-5.29,36.57,2.59,2.25,2.45,0.14,
皓峰无量初中店,三大区域,西南区域,存量,皓峰无量初中店,174.46,126.72,137.67%,47.74,74.71,120.35,88.93,135.33%,50.73,0,0,,0,54.11,37.79,143.19%,23.98,31.02%,29.82%,1.20%,32.10%,7.78,5.58,139.41%,2.79,4.7,6.39,73.46%,1.03,0.32,0,0.37,0.01,0,0,41.94,25.82,162.46%,16.12,20.52,24.04%,20.37%,3.67%,27.47%,4.46%,4.41%,139.41%,3.74%,22.41,22.7,98.75%,26.74,5.39,4.62,116.53%,7.35,3,3,0,1.71,2.59,1.63,1.86,0.73,
皓峰景东彝族海高店,三大区域,西南区域,存量,皓峰景东彝族海高店,334.01,388.31,86.02%,-54.3,382.61,228.85,273,83.83%,261.17,0,0,,0,105.16,115.31,91.20%,121.44,31.48%,29.70%,1.79%,31.74%,18.92,18.44,102.60%,19.88,6.34,3.39,187.00%,2.97,1.4,0,0.26,0.62,0,0,80.68,93.48,86.31%,-12.8,98.84,24.15%,24.07%,0.08%,25.83%,5.67%,4.75%,102.60%,5.20%,17.65,21.05,83.83%,19.24,4.26,5.07,84.12%,4.97,5.14,6,-0.86,6,3.68,3.31,3.07,0.61,
皓峰景东一中店,三大区域,西南区域,存量,皓峰景东一中店,266.91,194.57,137.18%,72.34,225.15,185.73,130.98,141.80%,151.86,0,0,,-10.65,81.18,63.59,127.66%,83.94,30.42%,32.68%,-2.27%,37.28%,18.58,21.42,86.73%,32.64,7.97,13.03,61.16%,5.78,1.69,0.28,0.42,0.01,0,0,56.32,29.43,191.38%,26.89,45.93,21.10%,15.12%,5.98%,20.40%,6.96%,11.01%,86.73%,14.50%,14.37,9.08,158.17%,6.9,3.03,1.37,220.67%,1.41,5.71,7,-1.29,8,3.25,4.08,3.06,0.19,
皓峰天等海高店,三大区域,西南区域,存量,皓峰天等海高店,302.32,245.89,122.95%,56.43,179.55,208.42,171.54,121.50%,125.22,0,0,,0,93.9,74.35,126.29%,54.32,31.06%,30.24%,0.82%,30.26%,14.37,15.86,90.56%,14.42,5.95,6.78,87.66%,6.47,1.2,0.23,0.25,0.1,0,0,74.69,51.94,143.81%,22.75,33.68,24.71%,21.12%,3.58%,18.76%,4.75%,6.45%,90.56%,8.03%,21.04,15.5,135.76%,12.45,5.2,3.27,158.80%,2.34,5,6,-1,4.71,2.87,3.06,2.64,0.23,
天等高中物业服务,三大区域,西南区域,增量,天等高中物业服务,7.73,18.03,42.86%,-10.3,0,0,0,,0,0,0,,0,7.73,18.03,42.85%,0,99.97%,100.00%,-0.03%,,0,0,,0,6.52,8.13,80.29%,0,0,0,0,0,0,0,1.2,9.91,12.11%,-8.71,0,15.52%,54.95%,-39.42%,,0.03%,0.00%,,,"3,718.13",-1,372013.37%,,577.2,-1,57920.06%,,0,0,0,0,,,,,
红培基地劳务派遣,三大区域,西南区域,增量,红培基地劳务派遣,77.78,78.39,99.22%,-0.61,0,0,0,,0,1.67,0,,0,-14.76,2.44,-604.78%,0,-18.97%,3.11%,-22.08%,,92.54,75.95,121.84%,0,1.13,0.36,313.46%,0,0,0,0,0,0,0,-17.55,2.08,-843.75%,-19.63,0,-22.56%,2.65%,-25.22%,,118.97%,96.89%,121.84%,,0.84,1.03,81.44%,,-0.19,0.03,-692.51%,,24.29,0,24.29,0,3.81,,,,
若尔盖食堂劳务外包,三大区域,西南区域,增量,若尔盖食堂劳务外包,491.45,490.75,100.14%,0.7,0,0,0,,0,1.64,0,,0,7.43,49.91,14.89%,0,1.51%,10.17%,-8.66%,,484.02,440.84,109.79%,0,18.12,17.2,105.33%,0,0,0,0,0,0,0,-12.33,32.71,-37.70%,-45.04,0,-2.51%,6.66%,-9.17%,,98.49%,89.83%,109.79%,,1.02,1.11,91.21%,,-0.03,0.07,-34.33%,,180,0,180,0,2.69,,,,
西南元谋集采项目,三大区域,西南区域,存量,西南元谋集采项目,51.54,0,,51.54,0,53.35,0,,0,0,0,,0,-1.81,0,,0,-3.51%,,-3.51%,,0,0,,0,0,0,,0,0,0,0,0,0,0,-1.81,0,0.00%,-1.81,0,-3.51%,,-3.51%,,0.00%,,,,-1,-1,100.00%,,-1,-1,100.00%,,0,0,0,0,,,,,
西南新拓配送业务3,三大区域,西南区域,增量,西南新拓配送业务3,0,0,,0,0,0,0,,0,0,0,,0,0,0,,0,,,0.00%,,0,0,,0,0,0,,0,0,0,0,0,0,0,0,0,0.00%,0,0,,,0.00%,,,,,,-1,-1,100.00%,,-1,-1,100.00%,,0,0,0,0,,,,,
西南新拓配送业务2,三大区域,西南区域,增量,西南新拓配送业务2,0,"1,024.06",0.00%,"-1,024.06",0,0,835.2,0.00%,0,0,0,,0,0,188.86,0.00%,0,,18.44%,-18.44%,,0,29.72,0.00%,0,0,57.33,0.00%,0,0,0,0,0,0,0,0,101.81,0.00%,-101.81,0,,9.94%,-9.94%,,,2.90%,0.00%,,-1,34.46,-2.90%,,-1,3.43,-29.19%,,0,17.14,-17.14,0,,,1.73,,
西南新拓配送业务1,三大区域,西南区域,增量,西南新拓配送业务1,0,0,,0,0,0,0,,0,0,0,,0,0,0,,0,,,0.00%,,0,0,,0,0,0,,0,0,0,0,0,0,0,0,0,0.00%,0,0,,,0.00%,,,,,,-1,-1,100.00%,,-1,-1,100.00%,,0,22.86,-22.86,0,,,0,,
石屏一中食堂,三大区域,西南区域,存量,石屏一中食堂,12.72,0,,12.72,272.26,0.52,0,,0,26.68,0,,179.19,-14.48,0,,93.08,-113.85%,,-113.85%,34.19%,3.32,0,,39.26,2.95,0,,39.18,0,0,0.22,0,0,0,-20.75,0,0.00%,-20.75,14.85,-163.13%,,-163.13%,5.45%,26.10%,,,14.42%,3.83,-1,583.15%,6.93,-6.25,-1,-425.03%,0.38,3,3,0,16.57,1.11,2.37,0,1.11,
琼林育贤科技项目,三大区域,西南区域,存量,琼林育贤科技项目,1.89,1.89,100.00%,0,0,0,0,,0,0,0,,0,1.89,1.89,100.00%,0,100.00%,100.00%,0.00%,,0,0,,0,2.52,2.52,100.00%,0.36,0,0,0,0,0,0,-0.63,-0.63,100.10%,0,-0.36,-33.33%,-33.37%,0.03%,,0.00%,0.00%,,,-1,-1,100.00%,,-1,-1,100.00%,,0,0,0,0,,,,,
西南区域总经理室,三大区域,西南区域,区域管理部门,西南区域总经理室,0,0,,0,0,0,0,,0,0.07,0,,0,-0.07,0,,0,,,0.00%,,112.4,149.32,75.27%,69.57,90.27,78.76,114.62%,46.24,0,0,0,0,0,0,-202.75,-228.08,111.11%,25.33,-115.81,,,0.00%,,,,75.27%,,0,0,,0,-1.8,-1.53,81.91%,-1.66,7.86,11.14,-3.29,5.71,14.31,12.18,13.4,0.9,
北部区域,三大区域,北部区域,,,"1,791.25","6,830.32",26.22%,"-5,039.07","1,107.90",177.03,"4,128.45",4.29%,243.98,567.79,756.88,75.02%,311.47,"1,046.43","1,944.99",53.80%,552.45,58.42%,28.48%,29.94%,49.86%,970.47,"1,149.82",84.40%,432.12,362.71,493.78,73.46%,165.51,2.48,0.06,5.16,3.86,0,0,-288.13,301.45,-95.58%,-589.58,-40.02,-16.09%,4.41%,-20.50%,-3.61%,54.18%,16.83%,84.40%,39.00%,1.85,5.94,31.07%,2.56,-0.3,0.26,-113.25%,-0.09,244.57,235.57,9,133.71,3.97,3.23,4.88,-0.91,营收/利润取值
周口配送,三大区域,北部区域,存量,周口配送,-835.49,385,-217.01%,"-1,220.49",3.51,-808.13,349.6,-231.16%,3.4,0.27,0,,0,-27.36,35.4,-77.29%,0.11,3.27%,9.19%,-5.92%,3.03%,36.77,61.23,60.06%,17.72,34.04,16.85,201.99%,9.71,0.17,0,0,0,0,0,-98.27,-42.69,-30.22%,-55.58,-27.32,11.76%,-11.09%,22.85%,-778.22%,-4.40%,15.91%,60.06%,504.76%,-22.72,6.29,-361.35%,0.2,-2.67,-0.7,-183.35%,-1.54,35.43,19.14,16.29,3.43,1.04,5.17,3.2,-2.16,
周口配送-团仓店,三大区域,北部区域,存量,周口配送-团仓店,0.82,0,,0.82,0,0,0,,0,0,0,,0,0.82,0,,0,100.00%,,100.00%,,1.22,0,,0,1.19,0,,0,0,0,0,0,0,0,-1.59,0,0.00%,-1.59,0,-193.90%,,-193.90%,,148.99%,,,,0.67,-1,267.12%,,-1.3,-1,69.85%,,0,0,0,0,,,,,
长治配送,三大区域,北部区域,增量,长治配送,325.51,997.6,32.63%,-672.09,0,278.02,806.82,34.46%,0,0,0,,0,47.49,190.78,24.89%,0,14.59%,19.12%,-4.54%,,58.39,63.82,91.49%,0,91.81,62.99,145.75%,0,0,0,0,0,0,0,-102.71,63.97,-160.57%,-166.68,0,-31.55%,6.41%,-37.97%,,17.94%,6.40%,91.49%,,5.57,15.63,35.66%,,-1.76,1,-175.50%,,19.29,0,19.29,0,3.03,,,,
南阳配送,三大区域,北部区域,增量,南阳配送,400.89,"1,750.00",22.91%,"-1,349.11",0,325.9,"1,401.50",23.25%,0,0.43,0,,0,74.99,348.5,21.52%,0,18.71%,19.91%,-1.21%,,44.04,122.15,36.05%,0,41.9,131.87,31.77%,0,0.03,0,0,0.04,0,0,-11.4,94.48,-12.07%,-105.88,0,-2.84%,5.40%,-8.24%,,10.98%,6.98%,36.05%,,9.1,14.33,63.54%,,-0.26,0.77,-33.47%,,12.71,32.14,-19.43,0,3.46,,3.8,-0.34,
房山区配送,三大区域,北部区域,增量,房山区配送,0,"1,490.82",0.00%,"-1,490.82",0,0,"1,193.38",0.00%,0,0,0,,0,0,297.44,0.00%,0,,19.95%,-19.95%,,39.17,99.6,39.33%,0,7.55,125.73,6.00%,0,0,0,0,0,0,0,-46.71,72.11,-64.77%,-118.82,0,,4.84%,-4.84%,,,6.68%,39.33%,,0,14.97,0.00%,,-1.19,0.72,-164.71%,,2.29,0,2.29,0,17.14,,,,
玉门一中食堂,三大区域,北部区域,存量,玉门一中食堂,510.67,663,77.02%,-152.33,592.99,-0.14,0,,0,247.53,366,67.63%,311.47,263.28,297,88.65%,281.52,51.56%,44.80%,6.76%,47.47%,170.13,184.59,92.17%,184.6,54.64,50.26,108.72%,68.87,0,0,5.03,0.07,0,0,38.44,62.15,61.85%,-23.71,33.08,7.53%,9.37%,-1.85%,5.58%,33.32%,27.84%,92.17%,31.13%,3,3.59,83.57%,3.21,0.23,0.34,67.10%,0.18,47.57,57,-9.43,62.14,3.58,2.97,3.24,0.34,
玉门一中后勤,三大区域,北部区域,存量,玉门一中后勤,142.44,155.19,91.78%,-12.75,148,0,0,,0,0,0,,0,8.69,10.24,84.83%,23.39,6.10%,6.60%,-0.50%,15.80%,133.75,144.95,92.28%,124.61,6.02,1.49,403.47%,42.77,0,0,0,0,0,0,2.67,8.75,30.52%,-6.08,-19.38,1.87%,5.64%,-3.76%,-13.09%,93.90%,93.40%,92.28%,84.20%,1.06,1.07,99.47%,1.19,0.02,0.06,33.07%,-0.16,46.43,56,-9.57,53.14,2.88,2.34,2.59,0.29,
皓峰玉门一中店,三大区域,北部区域,存量,皓峰玉门一中店,323.42,343.88,94.05%,-20.46,299.38,230.18,243.42,94.56%,212.32,0,0,,0,93.24,100.46,92.82%,87.06,28.83%,29.21%,-0.38%,29.08%,20.81,22.36,93.09%,21.01,1.74,1.38,126.09%,1.68,0.08,0.06,0.07,0,0,0,70.77,76.78,92.17%,-6.01,64.44,21.88%,22.33%,-0.45%,21.52%,6.43%,6.50%,93.09%,7.02%,15.54,15.38,101.03%,14.25,3.4,3.43,99.01%,3.07,6.86,8,-1.14,8,3.04,2.63,2.79,0.24,
玉门一中项目本级,三大区域,北部区域,存量,玉门一中项目本级,0,0,,0,0,0.17,0,,0,0,0,,0,-0.17,0,,0,,,0.00%,,18.96,17.17,110.41%,13.72,1.34,0.39,345.32%,1.58,1.37,0,0.04,0,0,0,-19.09,-17.56,91.26%,-1.53,-15.26,,,0.00%,,,,110.41%,,0,0,,0,-1.01,-1.02,101.51%,-1.11,2,2,0,0.57,9.48,24.01,8.58,0.89,
兰州新区餐饮项目,三大区域,北部区域,增量,兰州新区餐饮项目,332.06,467.8,70.98%,-135.74,0,0,0,,0,211.64,269.21,78.61%,0,120.42,198.59,60.64%,0,36.27%,42.45%,-6.19%,,107.04,77.95,137.32%,0,35.3,68.47,51.55%,0,0.22,0,0,0.01,0,0,-21.69,52.17,-41.58%,-73.86,0,-6.53%,11.15%,-17.68%,,32.24%,16.66%,137.32%,,3.1,6,51.69%,,-0.2,0.67,-30.28%,,28.29,22.29,6,0,3.78,,3.5,0.29,
兰州新区便利店项目,三大区域,北部区域,增量,兰州新区便利店项目,203.12,120,169.27%,83.12,0,149.53,86.73,172.40%,0,0,0,,0,53.59,33.27,161.09%,0,26.38%,27.72%,-1.34%,,10.38,9.75,106.49%,0,2.16,0.51,422.12%,0,0.5,0,0,0.01,0,0,41.54,23,180.57%,18.54,0,20.45%,19.17%,1.28%,,5.11%,8.12%,106.49%,,19.56,12.31,158.95%,,4,2.36,169.56%,,4.29,2.86,1.43,0,2.42,,3.41,-0.99,
腾飞路小学食堂,三大区域,北部区域,增量,腾飞路小学食堂,201.78,206.02,97.94%,-4.24,0,0,0,,0,107.92,121.67,88.70%,0,93.86,84.35,111.27%,0,46.52%,40.94%,5.57%,,54.4,58.2,93.48%,0,11.67,9.8,119.06%,0,0.1,0,0,0,0,0,27.89,16.36,170.52%,11.53,0,13.82%,7.94%,5.88%,,26.96%,28.25%,93.48%,,3.71,3.54,104.77%,,0.51,0.28,182.42%,,16.57,21.71,-5.14,0,3.28,,2.68,0.6,
周口示范区物业,三大区域,北部区域,增量,周口示范区物业,177.45,201,88.28%,-23.55,0,0,0,,0,0,0,,0,29.27,20.29,144.26%,0,16.49%,10.09%,6.40%,,148.18,180.71,82.00%,0,11.22,1.25,897.96%,0,0,0,0,0,0,0,18.05,19.04,94.81%,-0.99,0,10.17%,9.47%,0.70%,,83.51%,89.91%,82.00%,,1.2,1.11,107.66%,,0.12,0.11,115.62%,,13,0,13,0,11.4,,,,
达拉特旗校服,三大区域,北部区域,存量,达拉特旗校服,5.2,50,10.40%,-44.8,25.55,1.5,47,3.19%,0,0,0,,0,3.7,3,123.38%,25.55,71.18%,6.00%,65.18%,100.00%,0,0,,0,0,0,,0,0,0,0,0,0,0,3.7,3,123.33%,0.7,25.55,71.15%,6.00%,65.15%,100.00%,0.00%,0.00%,,0.00%,-1,-1,100.00%,,-1,-1,100.00%,,0,0,0,0,,,,,
北部新拓配送业务2,三大区域,北部区域,增量,北部新拓配送业务2,0,0,,0,0,0,0,,0,0,0,,0,0,0,,0,,,0.00%,,0,0,,0,0,0,,0,0,0,0,0,0,0,0,0,0.00%,0,0,,,0.00%,,,,,,-1,-1,100.00%,,-1,-1,100.00%,,0,0,0,0,,,,,
北部新拓配送业务3,三大区域,北部区域,增量,北部新拓配送业务3,0,0,,0,0,0,0,,0,0,0,,0,0,0,,0,,,0.00%,,0,0,,0,0,0,,0,0,0,0,0,0,0,0,0,0.00%,0,0,,,0.00%,,,,,,-1,-1,100.00%,,-1,-1,100.00%,,0,0,0,0,,,,,
西安吉利便利店,三大区域,北部区域,存量,西安吉利便利店,0,0,,0,38.48,0,0,,28.19,0,0,,0,0,0,,10.29,,,0.00%,26.75%,0,0,,7.94,1.18,1.31,90.04%,18.43,0,0,0.02,3.73,0,0,-4.91,-1.31,-175.87%,-3.6,-16.06,,,0.00%,-41.75%,,,,20.63%,-1,-1,100.00%,4.85,-1,-1,100.00%,-2.02,0,0,0,2.57,,3.09,,,
北部区域总经理室,三大区域,北部区域,区域管理部门,北部区域总经理室,3.39,0,,3.39,0,0,0,,0.07,0,0,,0,3.39,0,,-0.07,100.00%,,100.00%,,127.22,107.34,118.51%,62.52,60.96,21.47,283.89%,22.47,0,0,0,0,0,0,-184.79,-128.82,56.55%,-55.97,-85.06,-5451.03%,,-5451.03%,,3752.72%,,118.51%,,0.03,0,,0,-1.45,-1.2,78.96%,-1.36,9.86,7,2.86,3.86,12.91,16.21,15.33,-2.43,
周口配送,三大区域,北部区域,存量,周口配送,-835.49,385,-217.01%,"-1,220.49",3.51,-808.13,349.6,-231.16%,3.4,0.27,0,,0,-27.36,35.4,-77.29%,0.11,3.27%,9.19%,-5.92%,3.03%,36.77,61.23,60.06%,17.72,34.04,16.85,201.99%,9.71,0.17,0,0,0,0,0,-98.27,-42.69,-30.22%,-55.58,-27.32,11.76%,-11.09%,22.85%,-778.22%,-4.40%,15.91%,60.06%,504.76%,-22.72,6.29,-361.35%,0.2,-2.67,-0.7,-183.35%,-1.54,35.43,19.14,16.29,3.43,1.04,5.17,3.2,-2.16,
周口配送-团仓店,三大区域,北部区域,存量,周口配送-团仓店,0.82,0,,0.82,0,0,0,,0,0,0,,0,0.82,0,,0,100.00%,,100.00%,,1.22,0,,0,1.19,0,,0,0,0,0,0,0,0,-1.59,0,0.00%,-1.59,0,-193.90%,,-193.90%,,148.99%,,,,0.67,-1,267.12%,,-1.3,-1,69.85%,,0,0,0,0,,,,,
长治配送,三大区域,北部区域,增量,长治配送,325.51,997.6,32.63%,-672.09,0,278.02,806.82,34.46%,0,0,0,,0,47.49,190.78,24.89%,0,14.59%,19.12%,-4.54%,,58.39,63.82,91.49%,0,91.81,62.99,145.75%,0,0,0,0,0,0,0,-102.71,63.97,-160.57%,-166.68,0,-31.55%,6.41%,-37.97%,,17.94%,6.40%,91.49%,,5.57,15.63,35.66%,,-1.76,1,-175.50%,,19.29,0,19.29,0,3.03,,,,
南阳配送,三大区域,北部区域,增量,南阳配送,400.89,"1,750.00",22.91%,"-1,349.11",0,325.9,"1,401.50",23.25%,0,0.43,0,,0,74.99,348.5,21.52%,0,18.71%,19.91%,-1.21%,,44.04,122.15,36.05%,0,41.9,131.87,31.77%,0,0.03,0,0,0.04,0,0,-11.4,94.48,-12.07%,-105.88,0,-2.84%,5.40%,-8.24%,,10.98%,6.98%,36.05%,,9.1,14.33,63.54%,,-0.26,0.77,-33.47%,,12.71,32.14,-19.43,0,3.46,,3.8,-0.34,
房山区配送,三大区域,北部区域,增量,房山区配送,0,"1,490.82",0.00%,"-1,490.82",0,0,"1,193.38",0.00%,0,0,0,,0,0,297.44,0.00%,0,,19.95%,-19.95%,,39.17,99.6,39.33%,0,7.55,125.73,6.00%,0,0,0,0,0,0,0,-46.71,72.11,-64.77%,-118.82,0,,4.84%,-4.84%,,,6.68%,39.33%,,0,14.97,0.00%,,-1.19,0.72,-164.71%,,2.29,0,2.29,0,17.14,,,,
玉门一中食堂,三大区域,北部区域,存量,玉门一中食堂,510.67,663,77.02%,-152.33,592.99,-0.14,0,,0,247.53,366,67.63%,311.47,263.28,297,88.65%,281.52,51.56%,44.80%,6.76%,47.47%,170.13,184.59,92.17%,184.6,54.64,50.26,108.72%,68.87,0,0,5.03,0.07,0,0,38.44,62.15,61.85%,-23.71,33.08,7.53%,9.37%,-1.85%,5.58%,33.32%,27.84%,92.17%,31.13%,3,3.59,83.57%,3.21,0.23,0.34,67.10%,0.18,47.57,57,-9.43,62.14,3.58,2.97,3.24,0.34,
玉门一中后勤,三大区域,北部区域,存量,玉门一中后勤,142.44,155.19,91.78%,-12.75,148,0,0,,0,0,0,,0,8.69,10.24,84.83%,23.39,6.10%,6.60%,-0.50%,15.80%,133.75,144.95,92.28%,124.61,6.02,1.49,403.47%,42.77,0,0,0,0,0,0,2.67,8.75,30.52%,-6.08,-19.38,1.87%,5.64%,-3.76%,-13.09%,93.90%,93.40%,92.28%,84.20%,1.06,1.07,99.47%,1.19,0.02,0.06,33.07%,-0.16,46.43,56,-9.57,53.14,2.88,2.34,2.59,0.29,
皓峰玉门一中店,三大区域,北部区域,存量,皓峰玉门一中店,323.42,343.88,94.05%,-20.46,299.38,230.18,243.42,94.56%,212.32,0,0,,0,93.24,100.46,92.82%,87.06,28.83%,29.21%,-0.38%,29.08%,20.81,22.36,93.09%,21.01,1.74,1.38,126.09%,1.68,0.08,0.06,0.07,0,0,0,70.77,76.78,92.17%,-6.01,64.44,21.88%,22.33%,-0.45%,21.52%,6.43%,6.50%,93.09%,7.02%,15.54,15.38,101.03%,14.25,3.4,3.43,99.01%,3.07,6.86,8,-1.14,8,3.04,2.63,2.79,0.24,
玉门一中项目本级,三大区域,北部区域,存量,玉门一中项目本级,0,0,,0,0,0.17,0,,0,0,0,,0,-0.17,0,,0,,,0.00%,,18.96,17.17,110.41%,13.72,1.34,0.39,345.32%,1.58,1.37,0,0.04,0,0,0,-19.09,-17.56,91.26%,-1.53,-15.26,,,0.00%,,,,110.41%,,0,0,,0,-1.01,-1.02,101.51%,-1.11,2,2,0,0.57,9.48,24.01,8.58,0.89,
兰州新区餐饮项目,三大区域,北部区域,增量,兰州新区餐饮项目,332.06,467.8,70.98%,-135.74,0,0,0,,0,211.64,269.21,78.61%,0,120.42,198.59,60.64%,0,36.27%,42.45%,-6.19%,,107.04,77.95,137.32%,0,35.3,68.47,51.55%,0,0.22,0,0,0.01,0,0,-21.69,52.17,-41.58%,-73.86,0,-6.53%,11.15%,-17.68%,,32.24%,16.66%,137.32%,,3.1,6,51.69%,,-0.2,0.67,-30.28%,,28.29,22.29,6,0,3.78,,3.5,0.29,
兰州新区便利店项目,三大区域,北部区域,增量,兰州新区便利店项目,203.12,120,169.27%,83.12,0,149.53,86.73,172.40%,0,0,0,,0,53.59,33.27,161.09%,0,26.38%,27.72%,-1.34%,,10.38,9.75,106.49%,0,2.16,0.51,422.12%,0,0.5,0,0,0.01,0,0,41.54,23,180.57%,18.54,0,20.45%,19.17%,1.28%,,5.11%,8.12%,106.49%,,19.56,12.31,158.95%,,4,2.36,169.56%,,4.29,2.86,1.43,0,2.42,,3.41,-0.99,
腾飞路小学食堂,三大区域,北部区域,增量,腾飞路小学食堂,201.78,206.02,97.94%,-4.24,0,0,0,,0,107.92,121.67,88.70%,0,93.86,84.35,111.27%,0,46.52%,40.94%,5.57%,,54.4,58.2,93.48%,0,11.67,9.8,119.06%,0,0.1,0,0,0,0,0,27.89,16.36,170.52%,11.53,0,13.82%,7.94%,5.88%,,26.96%,28.25%,93.48%,,3.71,3.54,104.77%,,0.51,0.28,182.42%,,16.57,21.71,-5.14,0,3.28,,2.68,0.6,
周口示范区物业,三大区域,北部区域,增量,周口示范区物业,177.45,201,88.28%,-23.55,0,0,0,,0,0,0,,0,29.27,20.29,144.26%,0,16.49%,10.09%,6.40%,,148.18,180.71,82.00%,0,11.22,1.25,897.96%,0,0,0,0,0,0,0,18.05,19.04,94.81%,-0.99,0,10.17%,9.47%,0.70%,,83.51%,89.91%,82.00%,,1.2,1.11,107.66%,,0.12,0.11,115.62%,,13,0,13,0,11.4,,,,
达拉特旗校服,三大区域,北部区域,存量,达拉特旗校服,5.2,50,10.40%,-44.8,25.55,1.5,47,3.19%,0,0,0,,0,3.7,3,123.38%,25.55,71.18%,6.00%,65.18%,100.00%,0,0,,0,0,0,,0,0,0,0,0,0,0,3.7,3,123.33%,0.7,25.55,71.15%,6.00%,65.15%,100.00%,0.00%,0.00%,,0.00%,-1,-1,100.00%,,-1,-1,100.00%,,0,0,0,0,,,,,
北部新拓配送业务2,三大区域,北部区域,增量,北部新拓配送业务2,0,0,,0,0,0,0,,0,0,0,,0,0,0,,0,,,0.00%,,0,0,,0,0,0,,0,0,0,0,0,0,0,0,0,0.00%,0,0,,,0.00%,,,,,,-1,-1,100.00%,,-1,-1,100.00%,,0,0,0,0,,,,,
北部新拓配送业务3,三大区域,北部区域,增量,北部新拓配送业务3,0,0,,0,0,0,0,,0,0,0,,0,0,0,,0,,,0.00%,,0,0,,0,0,0,,0,0,0,0,0,0,0,0,0,0.00%,0,0,,,0.00%,,,,,,-1,-1,100.00%,,-1,-1,100.00%,,0,0,0,0,,,,,
西安吉利便利店,三大区域,北部区域,存量,西安吉利便利店,0,0,,0,38.48,0,0,,28.19,0,0,,0,0,0,,10.29,,,0.00%,26.75%,0,0,,7.94,1.18,1.31,90.04%,18.43,0,0,0.02,3.73,0,0,-4.91,-1.31,-175.87%,-3.6,-16.06,,,0.00%,-41.75%,,,,20.63%,-1,-1,100.00%,4.85,-1,-1,100.00%,-2.02,0,0,0,2.57,,3.09,,,
北部区域总经理室,三大区域,北部区域,区域管理部门,北部区域总经理室,3.39,0,,3.39,0,0,0,,0.07,0,0,,0,3.39,0,,-0.07,100.00%,,100.00%,,127.22,107.34,118.51%,62.52,60.96,21.47,283.89%,22.47,0,0,0,0,0,0,-184.79,-128.82,56.55%,-55.97,-85.06,-5451.03%,,-5451.03%,,3752.72%,,118.51%,,0.03,0,,0,-1.45,-1.2,78.96%,-1.36,9.86,7,2.86,3.86,12.91,16.21,15.33,-2.43,
东部区域,三大区域,东部区域,,,"6,994.16","10,497.76",66.63%,"-3,503.60",811.5,"5,590.97","8,133.77",68.74%,473.06,46.26,76.18,60.72%,83.35,"1,356.93","2,287.81",59.31%,255.08,19.40%,21.79%,-2.39%,31.43%,"1,039.43","1,085.41",95.76%,291.04,499.46,624.04,80.04%,53.74,2.71,0,0.34,0.06,0,0.78,-179.31,578.36,-31.00%,-757.67,-90.13,-2.56%,5.51%,-8.07%,-11.11%,14.86%,10.34%,95.76%,35.86%,6.73,9.67,69.57%,2.79,-0.17,0.53,-32.37%,-0.31,257.43,204.43,53,58.57,4.04,4.97,5.31,-1.27,营收/利润取值
亳州配送,三大区域,东部区域,存量,亳州配送,"4,506.07","3,948.14",114.13%,557.93,0,"3,884.48","3,226.90",120.38%,0,0,0,,0,621.59,721.24,86.18%,0,13.79%,18.27%,-4.47%,,207.9,258.06,80.56%,0,271.05,227.38,119.21%,0,2.68,0,0,0.01,0,0,145.3,235.8,61.62%,-90.5,0,3.22%,5.97%,-2.75%,,4.61%,6.54%,80.56%,,21.67,15.3,141.67%,,0.7,0.91,76.48%,,59.43,62,-2.57,0,3.5,,4.16,-0.66,
嘉祥配送,三大区域,东部区域,存量,嘉祥配送,"1,066.32","1,173.00",90.91%,-106.68,480.34,972.24,"1,046.37",92.92%,464.39,0,0,,0,94.08,126.63,74.30%,15.95,8.82%,10.80%,-1.97%,3.32%,67.61,74.03,91.32%,44.21,36.89,34.2,107.86%,30.48,0,0,0,0.02,0,0,-10.44,18.39,-56.76%,-28.83,-58.75,-0.98%,1.57%,-2.55%,-12.23%,6.34%,6.31%,91.32%,9.20%,15.77,15.84,99.54%,10.86,-0.15,0.25,-62.15%,-1.33,15.14,19,-3.86,13.29,4.46,3.33,3.9,0.57,
利辛配送,三大区域,东部区域,存量,利辛配送,826.76,"1,342.06",61.60%,-515.3,0,691.77,"1,116.88",61.94%,0,0.56,0,,0,134.99,225.18,59.95%,0,16.33%,16.78%,-0.45%,,67.19,66.66,100.80%,0,84.6,112.53,75.18%,0,0,0,0,0.02,0,0,-17.37,45.99,-37.77%,-63.36,0,-2.10%,3.43%,-5.53%,,8.13%,4.97%,100.80%,,12.3,20.13,61.12%,,-0.26,0.69,-37.47%,,11.29,0,11.29,0,5.95,,,,
鸠江配送,三大区域,东部区域,增量,鸠江配送,42.4,970.5,4.37%,-928.1,0,39.63,786.16,5.04%,0,0,0,,0,2.77,184.34,1.50%,0,6.54%,18.99%,-12.46%,,10.14,55,18.44%,0,7.69,57.64,13.34%,0,0,0,0,0,0,0,-15.05,71.7,-20.99%,-86.75,0,-35.50%,7.39%,-42.88%,,23.91%,5.67%,18.44%,,4.18,17.65,23.70%,,-1.48,1.3,-113.86%,,0.57,0,0.57,0,17.74,,,,
武夷山餐饮项目,三大区域,东部区域,存量,武夷山餐饮项目,85.9,148.26,57.94%,-62.36,169.49,0,0,,0,42.97,76.18,56.40%,83.35,42.93,72.08,59.56%,86.13,49.98%,48.62%,1.36%,50.82%,25.15,31.58,79.64%,33.22,5.81,7.48,77.66%,0.5,0,0,0.17,0,0,0,11.97,33.02,36.25%,-21.05,52.59,13.93%,22.27%,-8.33%,31.03%,29.28%,21.30%,79.64%,19.60%,3.42,4.69,72.75%,5.1,0.48,1.05,45.52%,1.58,5.29,9.86,-4.57,8,4.76,4.15,3.2,1.55,
武夷山物业项目,三大区域,东部区域,存量,武夷山物业项目,13.02,15.36,84.77%,-2.34,50.92,0,0,,0,0,0,,0,0.38,0.2,188.21%,4.72,2.95%,1.33%,1.62%,9.28%,12.64,15.16,83.37%,46.2,0,0,,0.23,0,0,0,0,0,0,0.38,0.2,185.89%,0.18,4.49,2.92%,1.33%,1.59%,8.83%,97.05%,98.67%,83.37%,90.72%,1.03,1.01,101.67%,1.1,0.03,0.01,222.97%,0.1,3.71,13.71,-10,12.14,3.4,3.8,1.11,2.3,
武夷山便利店项目,三大区域,东部区域,存量,武夷山便利店项目,3.63,35,10.37%,-31.37,25.27,2.85,24.5,11.64%,8.67,0,0,,0,0.78,10.5,7.41%,16.6,21.44%,30.00%,-8.56%,65.68%,2.55,2.51,101.37%,4.62,0.7,2.93,23.91%,2.18,0.03,0,0.16,0,0,0,-2.44,5.06,-48.24%,-7.5,9.96,-67.22%,14.45%,-81.67%,39.42%,70.12%,7.17%,101.37%,18.26%,1.43,13.94,10.23%,5.48,-0.96,2.01,-47.59%,2.16,0.86,1,-0.14,1.71,2.97,2.69,2.51,0.46,
亳州食堂雇员派遣,三大区域,东部区域,增量,亳州食堂雇员派遣,450.07,360,125.02%,90.07,0,0,0,,0,2.73,0,,0,-79.1,53.71,-147.27%,0,-17.57%,14.92%,-32.49%,,529.17,306.29,172.76%,0,40.65,25.08,162.07%,0,0,0,0,0,0,0,-122.48,28.62,-427.90%,-151.1,0,-27.21%,7.95%,-35.16%,,117.57%,85.08%,172.76%,,0.85,1.18,72.36%,,-0.23,0.09,-247.68%,,152,65.29,86.71,0,3.48,,4.69,-1.21,
济宁高新区配送,三大区域,东部区域,增量,济宁高新区配送,0,0,,0,0,0,0,,0,0,0,,0,0,0,,0,,,0.00%,,0,0,,0,0,0,,0,0,0,0,0,0,0,0,0,0.00%,0,0,,,0.00%,,,,,,-1,-1,100.00%,,-1,-1,100.00%,,0,0,0,0,,,,,
东部新拓配送业务1,三大区域,东部区域,增量,东部新拓配送业务1,0,"2,505.44",0.00%,"-2,505.44",0,0,"1,932.96",0.00%,0,0,0,,0,0,572.48,0.00%,0,,22.85%,-22.85%,,0,153.66,0.00%,0,0,130.19,0.00%,0,0,0,0,0,0,0,0,288.63,0.00%,-288.63,0,,11.52%,-11.52%,,,6.13%,0.00%,,-1,16.31,-6.13%,,-1,1.88,-53.24%,,0,26,-26,0,,,5.91,,
东部新拓配送业务3,三大区域,东部区域,增量,东部新拓配送业务3,0,0,,0,0,0,0,,0,0,0,,0,0,0,,0,,,0.00%,,0,0,,0,0,0,,0,0,0,0,0,0,0,0,0,0.00%,0,0,,,0.00%,,,,,,-1,-1,100.00%,,-1,-1,100.00%,,0,0,0,0,,,,,
东部新拓配送业务5,三大区域,东部区域,增量,东部新拓配送业务5,0,0,,0,0,0,0,,0,0,0,,0,0,0,,0,,,0.00%,,0,0,,0,0,0,,0,0,0,0,0,0,0,0,0,0.00%,0,0,,,0.00%,,,,,,-1,-1,100.00%,,-1,-1,100.00%,,0,0,0,0,,,,,
帕瓦项目,三大区域,东部区域,存量,帕瓦项目,0,0,,0,85.48,0,0,,0,0,0,,0,-1.49,0,,-11.95,,,0.00%,-13.98%,1.49,0,,97.43,0.26,0,,1.27,0,0,0,0,0,0.78,-1.74,0,0.00%,-1.74,-14,,,0.00%,-16.38%,,,,113.98%,0,-1,200.00%,0.88,-1.17,-1,83.05%,-0.14,0,0,0,19.86,,4.91,,,
东部区域总经理室,三大区域,东部区域,区域管理部门,东部区域总经理室,0,0,,0,0,0,0,,0,0,0,,0,0,0,,0,,,0.00%,,115.61,122.45,94.41%,65.36,51.82,26.6,194.78%,19.07,0,0,0,0,0,0,-167.43,-149.06,87.67%,-18.37,-84.43,,,0.00%,,,,94.41%,,0,0,,0,-1.45,-1.22,81.02%,-1.29,9.14,7.57,1.57,3.57,12.64,18.3,16.17,-3.53,
亳州配送,三大区域,东部区域,存量,亳州配送,"4,506.07","3,948.14",114.13%,557.93,0,"3,884.48","3,226.90",120.38%,0,0,0,,0,621.59,721.24,86.18%,0,13.79%,18.27%,-4.47%,,207.9,258.06,80.56%,0,271.05,227.38,119.21%,0,2.68,0,0,0.01,0,0,145.3,235.8,61.62%,-90.5,0,3.22%,5.97%,-2.75%,,4.61%,6.54%,80.56%,,21.67,15.3,141.67%,,0.7,0.91,76.48%,,59.43,62,-2.57,0,3.5,,4.16,-0.66,
嘉祥配送,三大区域,东部区域,存量,嘉祥配送,"1,066.32","1,173.00",90.91%,-106.68,480.34,972.24,"1,046.37",92.92%,464.39,0,0,,0,94.08,126.63,74.30%,15.95,8.82%,10.80%,-1.97%,3.32%,67.61,74.03,91.32%,44.21,36.89,34.2,107.86%,30.48,0,0,0,0.02,0,0,-10.44,18.39,-56.76%,-28.83,-58.75,-0.98%,1.57%,-2.55%,-12.23%,6.34%,6.31%,91.32%,9.20%,15.77,15.84,99.54%,10.86,-0.15,0.25,-62.15%,-1.33,15.14,19,-3.86,13.29,4.46,3.33,3.9,0.57,
利辛配送,三大区域,东部区域,存量,利辛配送,826.76,"1,342.06",61.60%,-515.3,0,691.77,"1,116.88",61.94%,0,0.56,0,,0,134.99,225.18,59.95%,0,16.33%,16.78%,-0.45%,,67.19,66.66,100.80%,0,84.6,112.53,75.18%,0,0,0,0,0.02,0,0,-17.37,45.99,-37.77%,-63.36,0,-2.10%,3.43%,-5.53%,,8.13%,4.97%,100.80%,,12.3,20.13,61.12%,,-0.26,0.69,-37.47%,,11.29,0,11.29,0,5.95,,,,
鸠江配送,三大区域,东部区域,增量,鸠江配送,42.4,970.5,4.37%,-928.1,0,39.63,786.16,5.04%,0,0,0,,0,2.77,184.34,1.50%,0,6.54%,18.99%,-12.46%,,10.14,55,18.44%,0,7.69,57.64,13.34%,0,0,0,0,0,0,0,-15.05,71.7,-20.99%,-86.75,0,-35.50%,7.39%,-42.88%,,23.91%,5.67%,18.44%,,4.18,17.65,23.70%,,-1.48,1.3,-113.86%,,0.57,0,0.57,0,17.74,,,,
武夷山餐饮项目,三大区域,东部区域,存量,武夷山餐饮项目,85.9,148.26,57.94%,-62.36,169.49,0,0,,0,42.97,76.18,56.40%,83.35,42.93,72.08,59.56%,86.13,49.98%,48.62%,1.36%,50.82%,25.15,31.58,79.64%,33.22,5.81,7.48,77.66%,0.5,0,0,0.17,0,0,0,11.97,33.02,36.25%,-21.05,52.59,13.93%,22.27%,-8.33%,31.03%,29.28%,21.30%,79.64%,19.60%,3.42,4.69,72.75%,5.1,0.48,1.05,45.52%,1.58,5.29,9.86,-4.57,8,4.76,4.15,3.2,1.55,
武夷山物业项目,三大区域,东部区域,存量,武夷山物业项目,13.02,15.36,84.77%,-2.34,50.92,0,0,,0,0,0,,0,0.38,0.2,188.21%,4.72,2.95%,1.33%,1.62%,9.28%,12.64,15.16,83.37%,46.2,0,0,,0.23,0,0,0,0,0,0,0.38,0.2,185.89%,0.18,4.49,2.92%,1.33%,1.59%,8.83%,97.05%,98.67%,83.37%,90.72%,1.03,1.01,101.67%,1.1,0.03,0.01,222.97%,0.1,3.71,13.71,-10,12.14,3.4,3.8,1.11,2.3,
武夷山便利店项目,三大区域,东部区域,存量,武夷山便利店项目,3.63,35,10.37%,-31.37,25.27,2.85,24.5,11.64%,8.67,0,0,,0,0.78,10.5,7.41%,16.6,21.44%,30.00%,-8.56%,65.68%,2.55,2.51,101.37%,4.62,0.7,2.93,23.91%,2.18,0.03,0,0.16,0,0,0,-2.44,5.06,-48.24%,-7.5,9.96,-67.22%,14.45%,-81.67%,39.42%,70.12%,7.17%,101.37%,18.26%,1.43,13.94,10.23%,5.48,-0.96,2.01,-47.59%,2.16,0.86,1,-0.14,1.71,2.97,2.69,2.51,0.46,
亳州食堂雇员派遣,三大区域,东部区域,增量,亳州食堂雇员派遣,450.07,360,125.02%,90.07,0,0,0,,0,2.73,0,,0,-79.1,53.71,-147.27%,0,-17.57%,14.92%,-32.49%,,529.17,306.29,172.76%,0,40.65,25.08,162.07%,0,0,0,0,0,0,0,-122.48,28.62,-427.90%,-151.1,0,-27.21%,7.95%,-35.16%,,117.57%,85.08%,172.76%,,0.85,1.18,72.36%,,-0.23,0.09,-247.68%,,152,65.29,86.71,0,3.48,,4.69,-1.21,
济宁高新区配送,三大区域,东部区域,增量,济宁高新区配送,0,0,,0,0,0,0,,0,0,0,,0,0,0,,0,,,0.00%,,0,0,,0,0,0,,0,0,0,0,0,0,0,0,0,0.00%,0,0,,,0.00%,,,,,,-1,-1,100.00%,,-1,-1,100.00%,,0,0,0,0,,,,,
东部新拓配送业务1,三大区域,东部区域,增量,东部新拓配送业务1,0,"2,505.44",0.00%,"-2,505.44",0,0,"1,932.96",0.00%,0,0,0,,0,0,572.48,0.00%,0,,22.85%,-22.85%,,0,153.66,0.00%,0,0,130.19,0.00%,0,0,0,0,0,0,0,0,288.63,0.00%,-288.63,0,,11.52%,-11.52%,,,6.13%,0.00%,,-1,16.31,-6.13%,,-1,1.88,-53.24%,,0,26,-26,0,,,5.91,,
东部新拓配送业务3,三大区域,东部区域,增量,东部新拓配送业务3,0,0,,0,0,0,0,,0,0,0,,0,0,0,,0,,,0.00%,,0,0,,0,0,0,,0,0,0,0,0,0,0,0,0,0.00%,0,0,,,0.00%,,,,,,-1,-1,100.00%,,-1,-1,100.00%,,0,0,0,0,,,,,
后勤财务管理部,战略支持中心,战略支持中心,后勤财务管理部,后勤财务管理部,0,0,,0,0,-21.5,0,,0,-8.05,-29.55,27.23%,0,29.55,29.55,99.99%,0,,,0.00%,100.00%,88.71,93.2,95.19%,66.78,13.51,13.92,97.05%,-25.26,0.83,0,0.08,0.26,0,0,-72.1,-77.57,107.05%,5.47,-41.44,,,0.00%,-4144062700.00%,,,95.19%,6678212800.00%,0,0,,0,-0.81,-0.83,102.35%,-0.62,6.14,7.57,-1.43,6.71,14.44,9.95,12.31,2.13,
后勤解决方案部,战略支持中心,战略支持中心,后勤解决方案部,后勤解决方案部,0,0,,0,0,0,0,,0,0,0,,0,0,0,,0,,,0.00%,,106.23,156.93,67.70%,107.85,46.85,29.55,158.56%,17.76,0,0,0,0.01,0,0,-153.09,-186.47,117.90%,33.38,-125.61,,,0.00%,,,,67.70%,,0,0,,0,-1.44,-1.19,78.73%,-1.16,6.57,11.43,-4.86,12,16.17,8.99,13.73,2.43,
后勤品牌战略部,战略支持中心,战略支持中心,后勤品牌战略部,后勤品牌战略部,0,0,,0,0,0,0,,0,0,0,,0,0,0,,0,,,0.00%,,98.04,100.99,97.08%,60.52,51.8,72.2,71.75%,-6.82,0,0,0.28,0,0,0,-149.84,-173.19,113.48%,23.35,-53.42,,,0.00%,,,,97.08%,,0,0,,0,-1.53,-1.71,110.88%,-0.88,7.86,8,-0.14,7.14,12.48,8.47,12.62,-0.15,
后勤人资管理部,战略支持中心,战略支持中心,后勤人资管理部,后勤人资管理部,0,0,,0,0,0,0,,0,0,0,,0,0,0,,0,,,0.00%,,121.09,120.85,100.20%,92.88,15.71,27.68,56.74%,-40.66,0,0,0,0,0,0,-136.8,-148.53,107.90%,11.73,-52.23,,,0.00%,,,,100.20%,,0,0,,0,-1.13,-1.23,108.08%,-0.56,9.71,12.43,-2.71,8.86,12.47,10.49,9.72,2.74,
后勤市场管理部,科创发展中心,科创发展中心,后勤市场管理部,后勤市场管理部,0,0,,0,0,0,0,,0,0,0,,0,0,0,,0,,,0.00%,,77.41,84.47,91.65%,27.62,38.8,64.52,60.13%,25.14,0,0,0,0,0,0,-116.21,-148.98,122.00%,32.77,-52.77,,,0.00%,,,,91.65%,,0,0,,0,-1.5,-1.76,114.89%,-1.91,3.71,4.57,-0.86,2.86,20.84,9.67,18.48,2.36,
后勤数智研发部,科创发展中心,科创发展中心,后勤数智研发部,后勤数智研发部,0,0,,0,10.99,0,0,,0,0,0,,0,0,0,,10.99,,,0.00%,100.00%,239.82,226.25,106.00%,170.47,30.9,31.75,97.34%,19.47,0,0,0,0,0,0,-270.72,-258,95.07%,-12.72,-178.95,,,0.00%,-1628.35%,,,106.00%,1551.21%,0,0,,0.06,-1.13,-1.14,101.01%,-1.05,11.86,13.86,-2,11,20.23,15.5,16.33,3.9,
后勤学院,战略支持中心,战略支持中心,后勤学院,后勤学院,0,0,,0,11.33,0,0,,0,0,0,,0,0,0,,11.33,,,0.00%,100.00%,67.16,61.18,109.77%,62.83,22.07,32.9,67.07%,17.72,0,0,0,0.04,0,0,-89.27,-94.08,105.11%,4.81,-69.23,,,0.00%,-611.26%,,,109.77%,554.78%,0,0,,0.18,-1.33,-1.54,113.56%,-1.1,3.29,4,-0.71,4,20.44,15.71,15.3,5.14,
后勤集团总裁室,战略支持中心,战略支持中心,后勤集团总裁室,后勤集团总裁室,339.22,339.22,100.00%,0,0,0,0,,0,0,0,,0,339.22,339.22,100.00%,0,100.00%,100.00%,0.00%,,129.19,289.91,44.56%,150.8,43.3,54.83,78.97%,-0.91,0.35,0,0,0.12,0,0,166.96,-5.52,3224.89%,172.48,-149.89,49.22%,-1.63%,50.85%,,38.09%,85.46%,44.56%,,2.63,1.17,224.40%,0,1.29,-0.02,6987.84%,-0.99,1.71,4,-2.29,3.71,75.36,40.6,72.48,2.89,
托管学校入模产品服务,科创发展中心,科创发展中心,托管学校入模产品服务,托管学校入模产品服务,2.17,0,,2.17,0,0,0,,0,0,0,,0,2.17,0,,0,100.00%,,100.00%,,0,0,,0,0,0,,0,0,0,0,0,0,0,2.17,0,0.00%,2.17,0,100.00%,,100.00%,,0.00%,,,,-1,-1,100.00%,,-1,-1,100.00%,,0,0,0,0,,,,,
景东配送,三大区域,西南区域,存量,景东配送,"3,471.83","3,534.66",98.22%,-62.83,"3,287.74","3,007.51","3,029.99",99.26%,"2,724.47",5.76,7.05,81.64%,0.77,464.32,504.67,92.00%,562.5,13.37%,14.28%,-0.90%,17.11%,139.8,172.96,80.83%,186.63,183.16,159.2,115.05%,152.29,1.17,0,1.12,0.44,2,0.01,136.33,163.46,83.40%,-27.13,224.68,3.93%,4.62%,-0.70%,6.83%,4.03%,4.89%,80.83%,5.68%,24.83,20.44,121.52%,17.62,0.98,0.95,103.18%,1.2,30.43,43,-12.57,37.29,4.59,5.01,4.02,0.57,
江陵配送,三大区域,西南区域,存量,江陵配送,"2,040.75","2,446.35",83.42%,-405.6,468.25,"1,679.46","1,897.82",88.49%,378.88,1.04,0,,0,361.29,548.53,65.86%,89.37,17.70%,22.42%,-4.72%,19.09%,120.68,154.63,78.05%,25.78,309.95,312.43,99.21%,58.01,0.55,0,0,0,0,0,-69.84,81.47,-85.73%,-151.31,5.58,-3.42%,3.33%,-6.75%,1.19%,5.91%,6.32%,78.05%,5.51%,16.91,15.82,106.88%,18.17,-0.58,0.53,-109.84%,0.22,26.86,38,-11.14,12,4.49,2.15,4.07,0.42,
陆良配送,三大区域,西南区域,存量,陆良配送,"1,795.39","2,579.96",69.59%,-784.57,0,"1,535.77","2,040.37",75.27%,0,7.9,10.6,74.52%,0,259.62,539.59,48.12%,0,14.46%,20.91%,-6.45%,,132.55,182.45,72.65%,0,185.48,230.07,80.62%,0,1.05,0,0,0,0,0,-65.25,116.47,-56.02%,-181.72,0,-3.63%,4.51%,-8.15%,,7.38%,7.07%,72.65%,,13.54,14.14,95.79%,,-0.49,0.64,-77.11%,,38.43,50,-11.57,0,3.45,,3.65,-0.2,
镇沅配送,三大区域,西南区域,增量,镇沅配送,224.33,895.04,25.06%,-670.71,0,213.14,860.42,24.77%,0,0,0,,0,11.19,34.62,32.33%,0,4.99%,3.87%,1.12%,,6.65,6.62,100.45%,0,1.4,3.21,43.56%,0,0,0,0,0,0,0,3.15,24.79,12.70%,-21.64,0,1.40%,2.77%,-1.37%,,2.96%,0.74%,100.45%,,33.75,135.24,24.95%,,0.47,3.75,12.65%,,0.43,0,0.43,0,15.51,,,,
长顺配送,三大区域,西南区域,增量,长顺配送,0,0,,0,0,0,0,,0,0,0,,0,0,0,,0,,,0.00%,,1.09,0,,0,0.15,0,,0,0,0,0,0,0,0,-1.25,0,0.00%,-1.25,0,,,0.00%,,,,,,0,-1,200.00%,,-1.14,-1,85.65%,,0.14,0,0.14,0,7.65,,,,
康铭景东一中餐厅,三大区域,西南区域,存量,康铭景东一中餐厅,460.42,515.01,89.40%,-54.59,502.97,-0.35,0,,0,296.36,335.68,88.29%,246.48,164.41,179.33,91.68%,256.49,35.71%,34.82%,0.89%,51.00%,99.34,107.37,92.52%,120.68,78,42.01,185.65%,24.67,0.4,0,1.96,0.16,0,0,-12.7,29.95,-42.41%,-42.65,113.1,-2.76%,5.82%,-8.57%,22.49%,21.58%,20.85%,92.52%,23.99%,4.63,4.8,96.62%,4.17,-0.13,0.28,-45.83%,0.94,32.29,38,-5.71,39,3.08,3.09,2.83,0.25,
元谋一中食堂,三大区域,西南区域,存量,元谋一中食堂,437.2,434.63,100.59%,2.57,443.36,0,0,,0,319.21,293.15,108.89%,212.27,117.99,141.47,83.40%,231.09,26.99%,32.55%,-5.56%,52.12%,79.44,88.2,90.07%,82.38,89.34,20.73,431.03%,33.72,18.22,0,0.14,18.21,0,0,-50.79,32.55,-156.05%,-83.34,115.12,-11.62%,7.49%,-19.11%,25.97%,18.17%,20.29%,90.07%,18.58%,5.5,4.93,111.68%,5.38,-0.64,0.37,-173.25%,1.4,30.71,36,-5.29,36.57,2.59,2.25,2.45,0.14,
皓峰无量初中店,三大区域,西南区域,存量,皓峰无量初中店,174.46,126.72,137.67%,47.74,74.71,120.35,88.93,135.33%,50.73,0,0,,0,54.11,37.79,143.19%,23.98,31.02%,29.82%,1.20%,32.10%,7.78,5.58,139.41%,2.79,4.7,6.39,73.46%,1.03,0.32,0,0.37,0.01,0,0,41.94,25.82,162.46%,16.12,20.52,24.04%,20.37%,3.67%,27.47%,4.46%,4.41%,139.41%,3.74%,22.41,22.7,98.75%,26.74,5.39,4.62,116.53%,7.35,3,3,0,1.71,2.59,1.63,1.86,0.73,
皓峰景东彝族海高店,三大区域,西南区域,存量,皓峰景东彝族海高店,334.01,388.31,86.02%,-54.3,382.61,228.85,273,83.83%,261.17,0,0,,0,105.16,115.31,91.20%,121.44,31.48%,29.70%,1.79%,31.74%,18.92,18.44,102.60%,19.88,6.34,3.39,187.00%,2.97,1.4,0,0.26,0.62,0,0,80.68,93.48,86.31%,-12.8,98.84,24.15%,24.07%,0.08%,25.83%,5.67%,4.75%,102.60%,5.20%,17.65,21.05,83.83%,19.24,4.26,5.07,84.12%,4.97,5.14,6,-0.86,6,3.68,3.31,3.07,0.61,
皓峰景东一中店,三大区域,西南区域,存量,皓峰景东一中店,266.91,194.57,137.18%,72.34,225.15,185.73,130.98,141.80%,151.86,0,0,,-10.65,81.18,63.59,127.66%,83.94,30.42%,32.68%,-2.27%,37.28%,18.58,21.42,86.73%,32.64,7.97,13.03,61.16%,5.78,1.69,0.28,0.42,0.01,0,0,56.32,29.43,191.38%,26.89,45.93,21.10%,15.12%,5.98%,20.40%,6.96%,11.01%,86.73%,14.50%,14.37,9.08,158.17%,6.9,3.03,1.37,220.67%,1.41,5.71,7,-1.29,8,3.25,4.08,3.06,0.19,
皓峰天等海高店,三大区域,西南区域,存量,皓峰天等海高店,302.32,245.89,122.95%,56.43,179.55,208.42,171.54,121.50%,125.22,0,0,,0,93.9,74.35,126.29%,54.32,31.06%,30.24%,0.82%,30.26%,14.37,15.86,90.56%,14.42,5.95,6.78,87.66%,6.47,1.2,0.23,0.25,0.1,0,0,74.69,51.94,143.81%,22.75,33.68,24.71%,21.12%,3.58%,18.76%,4.75%,6.45%,90.56%,8.03%,21.04,15.5,135.76%,12.45,5.2,3.27,158.80%,2.34,5,6,-1,4.71,2.87,3.06,2.64,0.23,
天等高中物业服务,三大区域,西南区域,增量,天等高中物业服务,7.73,18.03,42.86%,-10.3,0,0,0,,0,0,0,,0,7.73,18.03,42.85%,0,99.97%,100.00%,-0.03%,,0,0,,0,6.52,8.13,80.29%,0,0,0,0,0,0,0,1.2,9.91,12.11%,-8.71,0,15.52%,54.95%,-39.42%,,0.03%,0.00%,,,"3,718.13",-1,372013.37%,,577.2,-1,57920.06%,,0,0,0,0,,,,,
红培基地劳务派遣,三大区域,西南区域,增量,红培基地劳务派遣,77.78,78.39,99.22%,-0.61,0,0,0,,0,1.67,0,,0,-14.76,2.44,-604.78%,0,-18.97%,3.11%,-22.08%,,92.54,75.95,121.84%,0,1.13,0.36,313.46%,0,0,0,0,0,0,0,-17.55,2.08,-843.75%,-19.63,0,-22.56%,2.65%,-25.22%,,118.97%,96.89%,121.84%,,0.84,1.03,81.44%,,-0.19,0.03,-692.51%,,24.29,0,24.29,0,3.81,,,,
若尔盖食堂劳务外包,三大区域,西南区域,增量,若尔盖食堂劳务外包,491.45,490.75,100.14%,0.7,0,0,0,,0,1.64,0,,0,7.43,49.91,14.89%,0,1.51%,10.17%,-8.66%,,484.02,440.84,109.79%,0,18.12,17.2,105.33%,0,0,0,0,0,0,0,-12.33,32.71,-37.70%,-45.04,0,-2.51%,6.66%,-9.17%,,98.49%,89.83%,109.79%,,1.02,1.11,91.21%,,-0.03,0.07,-34.33%,,180,0,180,0,2.69,,,,
西南元谋集采项目,三大区域,西南区域,存量,西南元谋集采项目,51.54,0,,51.54,0,53.35,0,,0,0,0,,0,-1.81,0,,0,-3.51%,,-3.51%,,0,0,,0,0,0,,0,0,0,0,0,0,0,-1.81,0,0.00%,-1.81,0,-3.51%,,-3.51%,,0.00%,,,,-1,-1,100.00%,,-1,-1,100.00%,,0,0,0,0,,,,,
西南新拓配送业务3,三大区域,西南区域,增量,西南新拓配送业务3,0,0,,0,0,0,0,,0,0,0,,0,0,0,,0,,,0.00%,,0,0,,0,0,0,,0,0,0,0,0,0,0,0,0,0.00%,0,0,,,0.00%,,,,,,-1,-1,100.00%,,-1,-1,100.00%,,0,0,0,0,,,,,
西南新拓配送业务2,三大区域,西南区域,增量,西南新拓配送业务2,0,"1,024.06",0.00%,"-1,024.06",0,0,835.2,0.00%,0,0,0,,0,0,188.86,0.00%,0,,18.44%,-18.44%,,0,29.72,0.00%,0,0,57.33,0.00%,0,0,0,0,0,0,0,0,101.81,0.00%,-101.81,0,,9.94%,-9.94%,,,2.90%,0.00%,,-1,34.46,-2.90%,,-1,3.43,-29.19%,,0,17.14,-17.14,0,,,1.73,,
西南新拓配送业务1,三大区域,西南区域,增量,西南新拓配送业务1,0,0,,0,0,0,0,,0,0,0,,0,0,0,,0,,,0.00%,,0,0,,0,0,0,,0,0,0,0,0,0,0,0,0,0.00%,0,0,,,0.00%,,,,,,-1,-1,100.00%,,-1,-1,100.00%,,0,22.86,-22.86,0,,,0,,
石屏一中食堂,三大区域,西南区域,存量,石屏一中食堂,12.72,0,,12.72,272.26,0.52,0,,0,26.68,0,,179.19,-14.48,0,,93.08,-113.85%,,-113.85%,34.19%,3.32,0,,39.26,2.95,0,,39.18,0,0,0.22,0,0,0,-20.75,0,0.00%,-20.75,14.85,-163.13%,,-163.13%,5.45%,26.10%,,,14.42%,3.83,-1,583.15%,6.93,-6.25,-1,-425.03%,0.38,3,3,0,16.57,1.11,2.37,0,1.11,
琼林育贤科技项目,三大区域,西南区域,存量,琼林育贤科技项目,1.89,1.89,100.00%,0,0,0,0,,0,0,0,,0,1.89,1.89,100.00%,0,100.00%,100.00%,0.00%,,0,0,,0,2.52,2.52,100.00%,0.36,0,0,0,0,0,0,-0.63,-0.63,100.10%,0,-0.36,-33.33%,-33.37%,0.03%,,0.00%,0.00%,,,-1,-1,100.00%,,-1,-1,100.00%,,0,0,0,0,,,,,
西南区域总经理室,三大区域,西南区域,区域管理部门,西南区域总经理室,0,0,,0,0,0,0,,0,0.07,0,,0,-0.07,0,,0,,,0.00%,,112.4,149.32,75.27%,69.57,90.27,78.76,114.62%,46.24,0,0,0,0,0,0,-202.75,-228.08,111.11%,25.33,-115.81,,,0.00%,,,,75.27%,,0,0,,0,-1.8,-1.53,81.91%,-1.66,7.86,11.14,-3.29,5.71,14.31,12.18,13.4,0.9,
东部新拓配送业务5,三大区域,东部区域,增量,东部新拓配送业务5,0,0,,0,0,0,0,,0,0,0,,0,0,0,,0,,,0.00%,,0,0,,0,0,0,,0,0,0,0,0,0,0,0,0,0.00%,0,0,,,0.00%,,,,,,-1,-1,100.00%,,-1,-1,100.00%,,0,0,0,0,,,,,
帕瓦项目,三大区域,东部区域,存量,帕瓦项目,0,0,,0,85.48,0,0,,0,0,0,,0,-1.49,0,,-11.95,,,0.00%,-13.98%,1.49,0,,97.43,0.26,0,,1.27,0,0,0,0,0,0.78,-1.74,0,0.00%,-1.74,-14,,,0.00%,-16.38%,,,,113.98%,0,-1,200.00%,0.88,-1.17,-1,83.05%,-0.14,0,0,0,19.86,,4.91,,,
东部区域总经理室,三大区域,东部区域,区域管理部门,东部区域总经理室,0,0,,0,0,0,0,,0,0,0,,0,0,0,,0,,,0.00%,,115.61,122.45,94.41%,65.36,51.82,26.6,194.78%,19.07,0,0,0,0,0,0,-167.43,-149.06,87.67%,-18.37,-84.43,,,0.00%,,,,94.41%,,0,0,,0,-1.45,-1.22,81.02%,-1.29,9.14,7.57,1.57,3.57,12.64,18.3,16.17,-3.53,
商业业务,商业业务,,,,"7,187.68","6,846.29",104.99%,341.39,"8,188.10","4,065.71","4,201.43",96.77%,"5,914.31",2.42,0,,0.1,"3,119.54","2,644.86",117.95%,"2,273.69",43.40%,38.63%,4.77%,27.77%,502.94,547.48,91.86%,417.58,213.67,184.35,115.90%,118.04,0.87,0,1.28,0.58,0,0.04,"2,403.23","1,913.03",125.62%,490.2,"1,739.31",33.44%,27.94%,5.49%,21.24%,7.00%,8.00%,91.86%,5.10%,14.29,12.51,114.28%,19.61,4.78,3.49,136.75%,4.17,90.57,109.86,-19.29,98.14,5.55,4.25,4.98,0.57,营收/利润取值
后勤数智零售部,商业业务,科创发展中心,后勤数智零售部,后勤数智零售部,646.99,524.15,123.44%,122.84,545.12,-6.51,0,,1.21,0,0,,-0.39,653.5,524.15,124.68%,544.29,101.01%,100.00%,1.01%,99.85%,93.66,81.51,114.91%,86.1,143.57,112.44,127.69%,51.37,0,0,0.68,0.57,0,0.04,415.69,330.2,125.89%,85.49,407.46,64.25%,63.00%,1.25%,74.75%,14.48%,15.55%,114.91%,15.80%,6.91,6.43,107.42%,6.33,4.44,4.05,109.56%,4.73,6.86,8,-1.14,10.29,13.66,8.37,10.19,3.47,
线上商城业务,商业业务,线上商城业务,线上商城业务,线上商城业务,"1,616.73","1,593.00",101.49%,23.73,"3,071.43",794.68,"1,044.50",76.08%,"2,894.65",0,0,,0.04,822.05,548.5,149.87%,176.75,50.85%,34.43%,16.41%,5.75%,68.01,111,61.27%,15.74,27.56,30.2,91.25%,16.82,0,0,0,0,0,0,726.48,407.29,178.37%,319.19,144.19,44.94%,25.57%,19.37%,4.69%,4.21%,6.97%,61.27%,0.51%,23.77,14.35,165.64%,195.15,10.68,3.67,291.12%,9.16,7.43,13.14,-5.71,2.57,9.16,6.12,8.45,0.71,
线下商超-便利店,商业业务,线下商超-便利店,,,"4,313.80","4,095.29",105.34%,218.51,"3,931.89","2,916.34","2,751.21",106.00%,"2,604.46",0,0,,0.39,"1,397.46","1,344.08",103.97%,"1,327.04",32.40%,32.82%,-0.43%,33.75%,280.89,291.88,96.23%,260.61,37.87,39.13,96.78%,40.46,0.87,0,0.6,0,0,0,"1,079.57","1,013.07",106.56%,66.5,"1,026.57",25.03%,24.74%,0.29%,26.11%,6.51%,7.13%,96.23%,6.63%,15.36,14.03,109.46%,15.09,3.84,3.47,110.74%,3.94,65.14,75.71,-10.57,72.71,4.31,3.58,3.86,0.46,
皓峰初中店,商业业务,线下商超-便利店,两校一园便利店,皓峰初中店,531.28,534.67,99.37%,-3.39,520.28,352.07,358.44,98.22%,345.03,0,0,,0,179.21,176.23,101.69%,175.24,33.73%,32.96%,0.77%,33.68%,34.84,32.82,106.15%,27.98,3.71,2.74,135.75%,2.81,0,0,0,0,0,0,140.66,140.67,99.99%,-0.01,144.46,26.48%,26.31%,0.17%,27.77%,6.56%,6.14%,106.15%,5.38%,15.25,16.29,93.61%,18.6,4.04,4.29,94.20%,5.16,7.71,8,-0.29,7.43,4.52,3.77,4.1,0.41,
皓峰高复中心店,商业业务,线下商超-便利店,两校一园便利店,皓峰高复中心店,36.28,59.99,60.48%,-23.71,0,25.1,41.99,59.77%,0,0,0,,0,11.18,18,62.13%,0,30.82%,30.00%,0.82%,,4.25,6.8,62.47%,0,1.38,1.24,111.28%,0,0,0,0,0,0,0,5.55,9.95,55.76%,-4.4,0,15.30%,16.59%,-1.29%,,11.72%,11.34%,62.47%,,8.53,8.82,96.80%,,1.31,1.46,89.26%,,0.86,1.71,-0.86,0,4.96,,3.97,0.99,
皓峰高中店,商业业务,线下商超-便利店,两校一园便利店,皓峰高中店,502.58,490.06,102.55%,12.52,488.78,332.9,329.32,101.09%,327.06,0,0,,0,169.68,160.74,105.56%,161.72,33.76%,32.80%,0.96%,33.09%,25.86,27.68,93.45%,26.47,5.25,3.06,171.74%,4.03,0,0,0,0,0,0,138.57,130.01,106.59%,8.56,131.22,27.57%,26.53%,1.04%,26.85%,5.15%,5.65%,93.45%,5.42%,19.43,17.71,109.75%,18.46,5.36,4.7,114.06%,4.96,6,7,-1,7,4.31,3.78,3.95,0.36,
皓峰国际店,商业业务,线下商超-便利店,两校一园便利店,皓峰国际店,218.7,209,104.64%,9.7,205.4,144.25,138.96,103.81%,135.99,0,0,,0,74.45,70.04,106.30%,69.41,34.04%,33.51%,0.53%,33.79%,17.58,19.77,88.94%,16.93,1.76,1.97,89.27%,1.57,0,0,0,0,0,0,55.11,48.3,114.10%,6.81,50.91,25.20%,23.11%,2.09%,24.79%,8.04%,9.46%,88.94%,8.24%,12.44,10.57,117.66%,12.13,3.13,2.44,128.30%,3.01,4.14,5,-0.86,5,4.24,3.39,3.95,0.29,
皓峰教工店,商业业务,线下商超-便利店,两校一园便利店,皓峰教工店,81.64,84.13,97.04%,-2.49,79.89,63.9,62.68,101.94%,53.2,0,0,,0.39,17.74,21.45,82.69%,26.3,21.73%,25.50%,-3.77%,32.92%,20.31,18.74,108.34%,18.82,2.19,1.81,120.72%,2,0,0,0,0,0,0,-4.76,0.9,-530.23%,-5.66,5.48,-5.83%,1.07%,-6.90%,6.86%,24.87%,22.28%,108.34%,23.55%,4.02,4.49,89.56%,4.25,-0.23,0.05,-489.40%,0.29,4.57,5,-0.43,5,4.44,3.76,3.75,0.69,
皓峰私高店,商业业务,线下商超-便利店,两校一园便利店,皓峰私高店,961.03,830,115.79%,131.03,839.56,657.47,544.48,120.75%,537.72,0,0,,0,303.56,285.52,106.32%,301.84,31.59%,34.40%,-2.81%,35.95%,44.87,43.36,103.48%,39.34,5.36,2.8,191.65%,3.71,0,0,0,0,0,0,253.33,239.36,105.84%,13.97,258.79,26.36%,28.84%,-2.48%,30.82%,4.67%,5.22%,103.48%,4.69%,21.42,19.14,111.90%,21.34,5.65,5.52,102.28%,6.58,9.43,11,-1.57,11,4.76,3.58,3.94,0.82,
皓峰天马店,商业业务,线下商超-便利店,两校一园便利店,皓峰天马店,253.97,329.9,76.98%,-75.93,345.61,169.21,221.79,76.29%,228.56,0,0,,0,84.76,108.11,78.40%,117.05,33.37%,32.77%,0.60%,33.87%,26.5,27.62,95.96%,26.25,2.6,1.76,147.59%,2.27,0,0,0,0,0,0,55.66,78.73,70.69%,-23.07,88.53,21.92%,23.87%,-1.95%,25.62%,10.44%,8.37%,95.96%,7.60%,9.58,11.95,80.22%,13.17,2.1,2.85,73.67%,3.37,6,7,-1,7,4.42,3.75,3.95,0.47,
皓峰综合店,商业业务,线下商超-便利店,两校一园便利店,皓峰综合店,440.96,481.35,91.61%,-40.39,429.22,289.76,323.27,89.63%,287.14,0,0,,0,151.2,158.07,95.65%,142.09,34.29%,32.84%,1.45%,33.10%,30.42,36.14,84.18%,35.09,5.01,3.97,126.12%,4.66,0,0,0,0,0,0,115.78,117.97,98.15%,-2.19,102.34,26.26%,24.51%,1.75%,23.84%,6.90%,7.51%,84.18%,8.18%,14.49,13.32,108.82%,12.23,3.81,3.26,116.59%,2.92,7.71,10,-2.29,10.29,3.94,3.41,3.61,0.33,
皓峰宁海1店,商业业务,线下商超-便利店,异地便利店,皓峰宁海1店,463.08,361.4,128.13%,101.68,333.42,307.89,243.8,126.29%,222.93,0,0,,0,155.19,117.6,131.96%,110.49,33.51%,32.54%,0.97%,33.14%,14.24,14.79,96.30%,12.42,-6.97,1.07,-649.74%,3.87,0.23,0,0.22,0,0,0,148.15,101.74,145.62%,46.41,94.41,31.99%,28.15%,3.84%,28.32%,3.08%,4.09%,96.30%,3.73%,32.51,24.43,133.05%,26.84,10.4,6.88,151.21%,7.6,3.43,4,-0.57,3.86,4.15,3.22,3.7,0.46,
皓峰宁海2店,商业业务,线下商超-便利店,异地便利店,皓峰宁海2店,88.51,78.33,112.99%,10.18,76.36,63.04,52.09,121.02%,48.69,0,0,,0,25.47,26.24,97.05%,27.67,28.77%,33.50%,-4.73%,36.24%,13.73,13.66,100.52%,11.1,0.74,0.96,76.84%,1.96,0,0,0,0,0,0,11,11.62,94.64%,-0.62,14.61,12.43%,14.84%,-2.41%,19.13%,15.52%,17.44%,100.52%,14.54%,6.45,5.73,112.41%,6.88,0.8,0.85,94.15%,1.32,3.43,4,-0.57,3.14,4.01,3.53,3.42,0.59,
皓峰文成店,商业业务,线下商超-便利店,异地便利店,皓峰文成店,37.29,29.3,127.27%,7.99,32.24,25.72,19.63,131.03%,19.53,0,0,,0,11.57,9.67,119.63%,12.71,31.02%,33.00%,-1.98%,39.42%,2.38,2.85,83.52%,3.22,0.2,2.98,6.59%,0.4,0,0,0.05,0,0,0,8.99,3.84,234.03%,5.15,9.14,24.11%,13.11%,11.00%,28.36%,6.39%,9.73%,83.52%,10.00%,15.65,10.27,152.38%,10,3.77,1.35,280.21%,2.84,0.86,1,-0.14,1,2.78,3.22,2.85,-0.07,
皓峰芜湖店,商业业务,线下商超-便利店,异地便利店,皓峰芜湖店,139.96,123.83,113.03%,16.13,113.81,92.56,84.4,109.67%,78.17,0,0,,0,47.4,39.43,120.22%,35.64,33.87%,31.84%,2.03%,31.32%,7.2,7.7,93.56%,7.09,0.5,0.13,374.02%,3.82,0.24,0,0.18,0,0,0,39.93,31.59,126.39%,8.34,24.91,28.53%,25.51%,3.02%,21.89%,5.15%,6.22%,93.56%,6.23%,19.43,16.08,120.81%,16.06,5.54,4.1,135.09%,3.51,1.71,2,-0.29,2,4.2,3.54,3.85,0.35,
皓峰仙桃店,商业业务,线下商超-便利店,异地便利店,皓峰仙桃店,457.32,392,116.66%,65.32,375.66,326.28,268.17,121.67%,257.25,0,0,,0,131.04,123.83,105.82%,118.42,28.65%,31.59%,-2.94%,31.52%,27.48,30.81,89.18%,27.65,10.2,5.78,176.52%,8.4,0.15,0,0,0,0,0,93.51,87.24,107.18%,6.27,82.38,20.45%,22.26%,-1.81%,21.93%,6.01%,7.86%,89.18%,7.36%,16.64,12.72,130.82%,13.59,3.4,2.83,120.19%,2.98,6.86,8,-1.14,8,4.01,3.46,3.85,0.16,
皓峰镇江店,商业业务,线下商超-便利店,异地便利店,皓峰镇江店,78.56,91.32,86.03%,-12.76,91.65,51.59,62.17,82.99%,63.2,0,0,,0,26.97,29.15,92.51%,28.45,34.32%,31.92%,2.40%,31.04%,8.19,9.13,89.64%,8.24,5.96,8.87,67.18%,0.97,0.24,0,0.15,0,0,0,13.06,11.14,117.24%,1.92,19.39,16.62%,12.20%,4.43%,21.16%,10.42%,10.00%,89.64%,9.00%,9.59,10,95.97%,11.12,1.6,1.22,130.79%,2.35,1.71,2,-0.29,2,4.78,4.12,4.57,0.21,
宁海公学文创店,商业业务,线下商超-便利店,异地便利店,宁海公学文创店,22.65,0,,22.65,0,14.59,0,,0,0,0,,0,8.06,0,,0,35.59%,,35.59%,,3.02,0,,0,0,0,,0,0,0,0,0,0,0,5.04,0,0.00%,5.04,0,22.25%,,22.25%,,13.35%,,,,7.49,-1,948.93%,,1.67,-1,366.65%,,0.71,0,0.71,0,4.23,,,,
线下商超-商业街,商业业务,线下商超-商业街,,,610.16,633.85,96.26%,-23.69,639.66,361.21,405.71,89.03%,413.99,2.42,0,,0.07,246.53,228.14,108.06%,225.6,40.40%,35.99%,4.41%,35.27%,60.38,63.09,95.70%,55.13,4.66,2.58,181.10%,9.39,0,0,0,0,0,0,181.49,162.47,111.71%,19.02,161.09,29.74%,25.63%,4.11%,25.18%,9.90%,9.95%,95.70%,8.62%,10.11,10.05,100.58%,11.6,3.01,2.58,116.72%,2.92,11.14,13,-1.86,12.57,5.42,4.39,4.85,0.57,
海实文创店,商业业务,线下商超-商业街,后勤商业街,海实文创店,256.16,269,95.23%,-12.84,276.27,154.6,181.28,85.28%,187.37,0,0,,0,101.56,87.72,115.78%,88.9,39.65%,32.61%,7.04%,32.18%,14.05,15.59,90.10%,13.55,2.49,1.11,223.25%,1.12,0,0,0,0,0,0,85.02,71.01,119.72%,14.01,74.22,33.19%,26.40%,6.79%,26.87%,5.48%,5.80%,90.10%,4.91%,18.23,17.25,105.69%,20.39,6.05,4.55,132.88%,5.48,2.57,3,-0.43,3,5.46,4.52,5.2,0.27,
教育园嗨购店,商业业务,线下商超-商业街,后勤商业街,教育园嗨购店,218,239,91.21%,-21,246.37,144.37,158.93,90.84%,161.34,0,0,,0,73.63,80.06,91.97%,85.03,33.78%,33.50%,0.28%,34.51%,18.9,18.81,100.51%,16.79,0.27,0.16,165.33%,0.37,0,0,0,0,0,0,54.47,61.1,89.15%,-6.63,67.87,24.99%,25.56%,-0.58%,27.55%,8.67%,7.87%,100.51%,6.82%,11.53,12.71,90.75%,14.67,2.88,3.25,88.70%,4.04,3.43,4,-0.57,4,5.51,4.2,4.7,0.81,
教育园咖啡店,商业业务,线下商超-商业街,后勤商业街,教育园咖啡店,54.93,50.01,109.85%,4.92,53.34,8.73,17,51.34%,14.84,2.42,0,,0.07,43.78,33,132.65%,38.43,79.70%,66.00%,13.70%,72.05%,14.3,13.96,102.40%,12.48,0.51,0.58,87.03%,0.88,0,0,0,0,0,0,28.98,18.46,156.97%,10.52,25.08,52.76%,36.92%,15.84%,47.02%,26.03%,27.92%,102.40%,23.39%,3.84,3.58,107.27%,4.28,2.03,1.32,153.29%,2.01,2.57,3,-0.43,2.86,5.56,4.37,4.65,0.91,
教育园文创店,商业业务,线下商超-商业街,后勤商业街,教育园文创店,43.51,58,75.02%,-14.49,57.45,25.45,34.22,74.37%,33.48,0,0,,0,18.06,23.78,75.96%,23.96,41.51%,41.00%,0.51%,41.71%,8.13,8.92,91.08%,0,0.99,0.2,495.27%,0,0,0,0,0,0,0,8.94,14.66,61.00%,-5.72,23.96,20.55%,25.27%,-4.72%,41.71%,18.68%,15.39%,91.08%,0.00%,5.35,6.5,82.37%,,1.1,1.64,66.98%,,1.71,2,-0.29,0,4.74,,4.46,0.28,
教育园校服店,商业业务,线下商超-商业街,后勤商业街,教育园校服店,37.56,17.85,210.42%,19.71,6.23,28.06,14.28,196.50%,16.95,0,0,,0,9.5,3.57,266.10%,-10.71,25.29%,20.00%,5.29%,-171.91%,5.01,5.81,86.22%,12.31,0.42,0.52,80.06%,7.02,0,0,0,0,0,0,4.08,-2.76,347.99%,6.84,-30.04,10.86%,-15.44%,26.31%,-482.08%,13.33%,32.53%,86.22%,197.45%,7.5,3.07,244.06%,0.51,0.81,-0.47,371.65%,-2.44,0.86,1,-0.14,2.71,5.84,4.53,5.81,0.03,
科创发展中心,科创发展中心,,,,2.17,0,,2.17,10.99,0,0,,0,0,0,,0,2.17,0,,10.99,100.00%,,100.00%,100.00%,317.61,316.96,100.21%,198.09,69.7,96.26,72.40%,44.61,0,0,0,0,0,0,-385.14,-413.23,106.80%,28.09,-231.72,-17748.39%,,-17748.39%,-2108.50%,14636.54%,,100.21%,1802.57%,0.01,0,,0.06,-1.21,-1.3,106.99%,-1.17,17.29,18.43,-1.14,13.86,18.37,14.3,17.2,1.17,营收/利润取值
后勤市场管理部,科创发展中心,科创发展中心,后勤市场管理部,后勤市场管理部,0,0,,0,0,0,0,,0,0,0,,0,0,0,,0,,,0.00%,,77.41,84.47,91.65%,27.62,38.8,64.52,60.13%,25.14,0,0,0,0,0,0,-116.21,-148.98,122.00%,32.77,-52.77,,,0.00%,,,,91.65%,,0,0,,0,-1.5,-1.76,114.89%,-1.91,3.71,4.57,-0.86,2.86,20.84,9.67,18.48,2.36,
后勤数智研发部,科创发展中心,科创发展中心,后勤数智研发部,后勤数智研发部,0,0,,0,10.99,0,0,,0,0,0,,0,0,0,,10.99,,,0.00%,100.00%,239.82,226.25,106.00%,170.47,30.9,31.75,97.34%,19.47,0,0,0,0,0,0,-270.72,-258,95.07%,-12.72,-178.95,,,0.00%,-1628.35%,,,106.00%,1551.21%,0,0,,0.06,-1.13,-1.14,101.01%,-1.05,11.86,13.86,-2,11,20.23,15.5,16.33,3.9,
托管学校入模产品服务,科创发展中心,科创发展中心,托管学校入模产品服务,托管学校入模产品服务,2.17,0,,2.17,0,0,0,,0,0,0,,0,2.17,0,,0,100.00%,,100.00%,,0,0,,0,0,0,,0,0,0,0,0,0,0,2.17,0,0.00%,2.17,0,100.00%,,100.00%,,0.00%,,,,-1,-1,100.00%,,-1,-1,100.00%,,0,0,0,0,,,,,
后勤供应发展部,科创发展中心,科创发展中心,后勤供应发展部,后勤供应发展部,0,0,,0,0,0,0,,0,0,0,,0,0,0,,0,,,0.00%,,0.38,6.25,6.06%,0,0,0,,0,0,0,0,0,0,0,-0.38,-6.25,193.92%,5.87,0,,,0.00%,,,,6.06%,,0,0,,,-1,-1,99.58%,,1.71,0,1.71,0,0.22,,,,
战略支持中心,战略支持中心,,,,339.22,339.22,100.00%,0,11.33,-21.5,0,,0,-8.05,-29.55,27.23%,0,368.77,368.77,100.00%,11.33,108.71%,108.71%,0.00%,100.00%,610.43,823.07,74.17%,541.67,193.23,231.07,83.63%,-38.17,1.19,0,0.35,0.43,0,0,-434.14,-685.37,136.66%,251.23,-491.81,-127.98%,-202.04%,74.06%,-4342.47%,179.95%,242.64%,74.17%,4782.65%,0.56,0.41,134.83%,0.02,-0.71,-0.83,114.59%,-0.91,35.29,47.43,-12.14,42.43,17.3,12.77,17.35,-0.05,营收/利润取值
后勤财务管理部,战略支持中心,战略支持中心,后勤财务管理部,后勤财务管理部,0,0,,0,0,-21.5,0,,0,-8.05,-29.55,27.23%,0,29.55,29.55,99.99%,0,,,0.00%,100.00%,88.71,93.2,95.19%,66.78,13.51,13.92,97.05%,-25.26,0.83,0,0.08,0.26,0,0,-72.1,-77.57,107.05%,5.47,-41.44,,,0.00%,-4144062700.00%,,,95.19%,6678212800.00%,0,0,,0,-0.81,-0.83,102.35%,-0.62,6.14,7.57,-1.43,6.71,14.44,9.95,12.31,2.13,
后勤解决方案部,战略支持中心,战略支持中心,后勤解决方案部,后勤解决方案部,0,0,,0,0,0,0,,0,0,0,,0,0,0,,0,,,0.00%,,106.23,156.93,67.70%,107.85,46.85,29.55,158.56%,17.76,0,0,0,0.01,0,0,-153.09,-186.47,117.90%,33.38,-125.61,,,0.00%,,,,67.70%,,0,0,,0,-1.44,-1.19,78.73%,-1.16,6.57,11.43,-4.86,12,16.17,8.99,13.73,2.43,
后勤品牌战略部,战略支持中心,战略支持中心,后勤品牌战略部,后勤品牌战略部,0,0,,0,0,0,0,,0,0,0,,0,0,0,,0,,,0.00%,,98.04,100.99,97.08%,60.52,51.8,72.2,71.75%,-6.82,0,0,0.28,0,0,0,-149.84,-173.19,113.48%,23.35,-53.42,,,0.00%,,,,97.08%,,0,0,,0,-1.53,-1.71,110.88%,-0.88,7.86,8,-0.14,7.14,12.48,8.47,12.62,-0.15,
后勤人资管理部,战略支持中心,战略支持中心,后勤人资管理部,后勤人资管理部,0,0,,0,0,0,0,,0,0,0,,0,0,0,,0,,,0.00%,,121.09,120.85,100.20%,92.88,15.71,27.68,56.74%,-40.66,0,0,0,0,0,0,-136.8,-148.53,107.90%,11.73,-52.23,,,0.00%,,,,100.20%,,0,0,,0,-1.13,-1.23,108.08%,-0.56,9.71,12.43,-2.71,8.86,12.47,10.49,9.72,2.74,
后勤学院,战略支持中心,战略支持中心,后勤学院,后勤学院,0,0,,0,11.33,0,0,,0,0,0,,0,0,0,,11.33,,,0.00%,100.00%,67.16,61.18,109.77%,62.83,22.07,32.9,67.07%,17.72,0,0,0,0.04,0,0,-89.27,-94.08,105.11%,4.81,-69.23,,,0.00%,-611.26%,,,109.77%,554.78%,0,0,,0.18,-1.33,-1.54,113.56%,-1.1,3.29,4,-0.71,4,20.44,15.71,15.3,5.14,
后勤集团总裁室,战略支持中心,战略支持中心,后勤集团总裁室,后勤集团总裁室,339.22,339.22,100.00%,0,0,0,0,,0,0,0,,0,339.22,339.22,100.00%,0,100.00%,100.00%,0.00%,,129.19,289.91,44.56%,150.8,43.3,54.83,78.97%,-0.91,0.35,0,0,0.12,0,0,166.96,-5.52,3224.89%,172.48,-149.89,49.22%,-1.63%,50.85%,,38.09%,85.46%,44.56%,,2.63,1.17,224.40%,0,1.29,-0.02,6987.84%,-0.99,1.71,4,-2.29,3.71,75.36,40.6,72.48,2.89,
皓峰初中店,商业业务,线下商超-便利店,两校一园便利店,皓峰初中店,531.28,534.67,99.37%,-3.39,520.28,352.07,358.44,98.22%,345.03,0,0,,0,179.21,176.23,101.69%,175.24,33.73%,32.96%,0.77%,33.68%,34.84,32.82,106.15%,27.98,3.71,2.74,135.75%,2.81,0,0,0,0,0,0,140.66,140.67,99.99%,-0.01,144.46,26.48%,26.31%,0.17%,27.77%,6.56%,6.14%,106.15%,5.38%,15.25,16.29,93.61%,18.6,4.04,4.29,94.20%,5.16,7.71,8,-0.29,7.43,4.52,3.77,4.1,0.41,
皓峰高复中心店,商业业务,线下商超-便利店,两校一园便利店,皓峰高复中心店,36.28,59.99,60.48%,-23.71,0,25.1,41.99,59.77%,0,0,0,,0,11.18,18,62.13%,0,30.82%,30.00%,0.82%,,4.25,6.8,62.47%,0,1.38,1.24,111.28%,0,0,0,0,0,0,0,5.55,9.95,55.76%,-4.4,0,15.30%,16.59%,-1.29%,,11.72%,11.34%,62.47%,,8.53,8.82,96.80%,,1.31,1.46,89.26%,,0.86,1.71,-0.86,0,4.96,,3.97,0.99,
皓峰高中店,商业业务,线下商超-便利店,两校一园便利店,皓峰高中店,502.58,490.06,102.55%,12.52,488.78,332.9,329.32,101.09%,327.06,0,0,,0,169.68,160.74,105.56%,161.72,33.76%,32.80%,0.96%,33.09%,25.86,27.68,93.45%,26.47,5.25,3.06,171.74%,4.03,0,0,0,0,0,0,138.57,130.01,106.59%,8.56,131.22,27.57%,26.53%,1.04%,26.85%,5.15%,5.65%,93.45%,5.42%,19.43,17.71,109.75%,18.46,5.36,4.7,114.06%,4.96,6,7,-1,7,4.31,3.78,3.95,0.36,
皓峰国际店,商业业务,线下商超-便利店,两校一园便利店,皓峰国际店,218.7,209,104.64%,9.7,205.4,144.25,138.96,103.81%,135.99,0,0,,0,74.45,70.04,106.30%,69.41,34.04%,33.51%,0.53%,33.79%,17.58,19.77,88.94%,16.93,1.76,1.97,89.27%,1.57,0,0,0,0,0,0,55.11,48.3,114.10%,6.81,50.91,25.20%,23.11%,2.09%,24.79%,8.04%,9.46%,88.94%,8.24%,12.44,10.57,117.66%,12.13,3.13,2.44,128.30%,3.01,4.14,5,-0.86,5,4.24,3.39,3.95,0.29,
皓峰教工店,商业业务,线下商超-便利店,两校一园便利店,皓峰教工店,81.64,84.13,97.04%,-2.49,79.89,63.9,62.68,101.94%,53.2,0,0,,0.39,17.74,21.45,82.69%,26.3,21.73%,25.50%,-3.77%,32.92%,20.31,18.74,108.34%,18.82,2.19,1.81,120.72%,2,0,0,0,0,0,0,-4.76,0.9,-530.23%,-5.66,5.48,-5.83%,1.07%,-6.90%,6.86%,24.87%,22.28%,108.34%,23.55%,4.02,4.49,89.56%,4.25,-0.23,0.05,-489.40%,0.29,4.57,5,-0.43,5,4.44,3.76,3.75,0.69,
皓峰私高店,商业业务,线下商超-便利店,两校一园便利店,皓峰私高店,961.03,830,115.79%,131.03,839.56,657.47,544.48,120.75%,537.72,0,0,,0,303.56,285.52,106.32%,301.84,31.59%,34.40%,-2.81%,35.95%,44.87,43.36,103.48%,39.34,5.36,2.8,191.65%,3.71,0,0,0,0,0,0,253.33,239.36,105.84%,13.97,258.79,26.36%,28.84%,-2.48%,30.82%,4.67%,5.22%,103.48%,4.69%,21.42,19.14,111.90%,21.34,5.65,5.52,102.28%,6.58,9.43,11,-1.57,11,4.76,3.58,3.94,0.82,
皓峰天马店,商业业务,线下商超-便利店,两校一园便利店,皓峰天马店,253.97,329.9,76.98%,-75.93,345.61,169.21,221.79,76.29%,228.56,0,0,,0,84.76,108.11,78.40%,117.05,33.37%,32.77%,0.60%,33.87%,26.5,27.62,95.96%,26.25,2.6,1.76,147.59%,2.27,0,0,0,0,0,0,55.66,78.73,70.69%,-23.07,88.53,21.92%,23.87%,-1.95%,25.62%,10.44%,8.37%,95.96%,7.60%,9.58,11.95,80.22%,13.17,2.1,2.85,73.67%,3.37,6,7,-1,7,4.42,3.75,3.95,0.47,
皓峰综合店,商业业务,线下商超-便利店,两校一园便利店,皓峰综合店,440.96,481.35,91.61%,-40.39,429.22,289.76,323.27,89.63%,287.14,0,0,,0,151.2,158.07,95.65%,142.09,34.29%,32.84%,1.45%,33.10%,30.42,36.14,84.18%,35.09,5.01,3.97,126.12%,4.66,0,0,0,0,0,0,115.78,117.97,98.15%,-2.19,102.34,26.26%,24.51%,1.75%,23.84%,6.90%,7.51%,84.18%,8.18%,14.49,13.32,108.82%,12.23,3.81,3.26,116.59%,2.92,7.71,10,-2.29,10.29,3.94,3.41,3.61,0.33,
皓峰宁海1店,商业业务,线下商超-便利店,异地便利店,皓峰宁海1店,463.08,361.4,128.13%,101.68,333.42,307.89,243.8,126.29%,222.93,0,0,,0,155.19,117.6,131.96%,110.49,33.51%,32.54%,0.97%,33.14%,14.24,14.79,96.30%,12.42,-6.97,1.07,-649.74%,3.87,0.23,0,0.22,0,0,0,148.15,101.74,145.62%,46.41,94.41,31.99%,28.15%,3.84%,28.32%,3.08%,4.09%,96.30%,3.73%,32.51,24.43,133.05%,26.84,10.4,6.88,151.21%,7.6,3.43,4,-0.57,3.86,4.15,3.22,3.7,0.46,
皓峰宁海2店,商业业务,线下商超-便利店,异地便利店,皓峰宁海2店,88.51,78.33,112.99%,10.18,76.36,63.04,52.09,121.02%,48.69,0,0,,0,25.47,26.24,97.05%,27.67,28.77%,33.50%,-4.73%,36.24%,13.73,13.66,100.52%,11.1,0.74,0.96,76.84%,1.96,0,0,0,0,0,0,11,11.62,94.64%,-0.62,14.61,12.43%,14.84%,-2.41%,19.13%,15.52%,17.44%,100.52%,14.54%,6.45,5.73,112.41%,6.88,0.8,0.85,94.15%,1.32,3.43,4,-0.57,3.14,4.01,3.53,3.42,0.59,
皓峰文成店,商业业务,线下商超-便利店,异地便利店,皓峰文成店,37.29,29.3,127.27%,7.99,32.24,25.72,19.63,131.03%,19.53,0,0,,0,11.57,9.67,119.63%,12.71,31.02%,33.00%,-1.98%,39.42%,2.38,2.85,83.52%,3.22,0.2,2.98,6.59%,0.4,0,0,0.05,0,0,0,8.99,3.84,234.03%,5.15,9.14,24.11%,13.11%,11.00%,28.36%,6.39%,9.73%,83.52%,10.00%,15.65,10.27,152.38%,10,3.77,1.35,280.21%,2.84,0.86,1,-0.14,1,2.78,3.22,2.85,-0.07,
皓峰芜湖店,商业业务,线下商超-便利店,异地便利店,皓峰芜湖店,139.96,123.83,113.03%,16.13,113.81,92.56,84.4,109.67%,78.17,0,0,,0,47.4,39.43,120.22%,35.64,33.87%,31.84%,2.03%,31.32%,7.2,7.7,93.56%,7.09,0.5,0.13,374.02%,3.82,0.24,0,0.18,0,0,0,39.93,31.59,126.39%,8.34,24.91,28.53%,25.51%,3.02%,21.89%,5.15%,6.22%,93.56%,6.23%,19.43,16.08,120.81%,16.06,5.54,4.1,135.09%,3.51,1.71,2,-0.29,2,4.2,3.54,3.85,0.35,
皓峰仙桃店,商业业务,线下商超-便利店,异地便利店,皓峰仙桃店,457.32,392,116.66%,65.32,375.66,326.28,268.17,121.67%,257.25,0,0,,0,131.04,123.83,105.82%,118.42,28.65%,31.59%,-2.94%,31.52%,27.48,30.81,89.18%,27.65,10.2,5.78,176.52%,8.4,0.15,0,0,0,0,0,93.51,87.24,107.18%,6.27,82.38,20.45%,22.26%,-1.81%,21.93%,6.01%,7.86%,89.18%,7.36%,16.64,12.72,130.82%,13.59,3.4,2.83,120.19%,2.98,6.86,8,-1.14,8,4.01,3.46,3.85,0.16,
皓峰镇江店,商业业务,线下商超-便利店,异地便利店,皓峰镇江店,78.56,91.32,86.03%,-12.76,91.65,51.59,62.17,82.99%,63.2,0,0,,0,26.97,29.15,92.51%,28.45,34.32%,31.92%,2.40%,31.04%,8.19,9.13,89.64%,8.24,5.96,8.87,67.18%,0.97,0.24,0,0.15,0,0,0,13.06,11.14,117.24%,1.92,19.39,16.62%,12.20%,4.43%,21.16%,10.42%,10.00%,89.64%,9.00%,9.59,10,95.97%,11.12,1.6,1.22,130.79%,2.35,1.71,2,-0.29,2,4.78,4.12,4.57,0.21,
海实文创店,商业业务,线下商超-商业街,后勤商业街,海实文创店,256.16,269,95.23%,-12.84,276.27,154.6,181.28,85.28%,187.37,0,0,,0,101.56,87.72,115.78%,88.9,39.65%,32.61%,7.04%,32.18%,14.05,15.59,90.10%,13.55,2.49,1.11,223.25%,1.12,0,0,0,0,0,0,85.02,71.01,119.72%,14.01,74.22,33.19%,26.40%,6.79%,26.87%,5.48%,5.80%,90.10%,4.91%,18.23,17.25,105.69%,20.39,6.05,4.55,132.88%,5.48,2.57,3,-0.43,3,5.46,4.52,5.2,0.27,
教育园嗨购店,商业业务,线下商超-商业街,后勤商业街,教育园嗨购店,218,239,91.21%,-21,246.37,144.37,158.93,90.84%,161.34,0,0,,0,73.63,80.06,91.97%,85.03,33.78%,33.50%,0.28%,34.51%,18.9,18.81,100.51%,16.79,0.27,0.16,165.33%,0.37,0,0,0,0,0,0,54.47,61.1,89.15%,-6.63,67.87,24.99%,25.56%,-0.58%,27.55%,8.67%,7.87%,100.51%,6.82%,11.53,12.71,90.75%,14.67,2.88,3.25,88.70%,4.04,3.43,4,-0.57,4,5.51,4.2,4.7,0.81,
教育园咖啡店,商业业务,线下商超-商业街,后勤商业街,教育园咖啡店,54.93,50.01,109.85%,4.92,53.34,8.73,17,51.34%,14.84,2.42,0,,0.07,43.78,33,132.65%,38.43,79.70%,66.00%,13.70%,72.05%,14.3,13.96,102.40%,12.48,0.51,0.58,87.03%,0.88,0,0,0,0,0,0,28.98,18.46,156.97%,10.52,25.08,52.76%,36.92%,15.84%,47.02%,26.03%,27.92%,102.40%,23.39%,3.84,3.58,107.27%,4.28,2.03,1.32,153.29%,2.01,2.57,3,-0.43,2.86,5.56,4.37,4.65,0.91,
教育园文创店,商业业务,线下商超-商业街,后勤商业街,教育园文创店,43.51,58,75.02%,-14.49,57.45,25.45,34.22,74.37%,33.48,0,0,,0,18.06,23.78,75.96%,23.96,41.51%,41.00%,0.51%,41.71%,8.13,8.92,91.08%,0,0.99,0.2,495.27%,0,0,0,0,0,0,0,8.94,14.66,61.00%,-5.72,23.96,20.55%,25.27%,-4.72%,41.71%,18.68%,15.39%,91.08%,0.00%,5.35,6.5,82.37%,,1.1,1.64,66.98%,,1.71,2,-0.29,0,4.74,,4.46,0.28,
教育园校服店,商业业务,线下商超-商业街,后勤商业街,教育园校服店,37.56,17.85,210.42%,19.71,6.23,28.06,14.28,196.50%,16.95,0,0,,0,9.5,3.57,266.10%,-10.71,25.29%,20.00%,5.29%,-171.91%,5.01,5.81,86.22%,12.31,0.42,0.52,80.06%,7.02,0,0,0,0,0,0,4.08,-2.76,347.99%,6.84,-30.04,10.86%,-15.44%,26.31%,-482.08%,13.33%,32.53%,86.22%,197.45%,7.5,3.07,244.06%,0.51,0.81,-0.47,371.65%,-2.44,0.86,1,-0.14,2.71,5.84,4.53,5.81,0.03,
宁海公学文创店,商业业务,线下商超-便利店,异地便利店,宁海公学文创店,22.65,0,,22.65,0,14.59,0,,0,0,0,,0,8.06,0,,0,35.59%,,35.59%,,3.02,0,,0,0,0,,0,0,0,0,0,0,0,5.04,0,0.00%,5.04,0,22.25%,,22.25%,,13.35%,,,,7.49,-1,948.93%,,1.67,-1,366.65%,,0.71,0,0.71,0,4.23,,,,
后勤供应发展部,科创发展中心,科创发展中心,后勤供应发展部,后勤供应发展部,0,0,,0,0,0,0,,0,0,0,,0,0,0,,0,,,0.00%,,0.38,6.25,6.06%,0,0,0,,0,0,0,0,0,0,0,-0.38,-6.25,193.92%,5.87,0,,,0.00%,,,,6.06%,,0,0,,,-1,-1,99.58%,,1.71,0,1.71,0,0.22,,,,
后勤数智零售部,商业业务,科创发展中心,后勤数智零售部,后勤数智零售部,646.99,524.15,123.44%,122.84,545.12,-6.51,0,,1.21,0,0,,-0.39,653.5,524.15,124.68%,544.29,101.01%,100.00%,1.01%,99.85%,93.66,81.51,114.91%,86.1,143.57,112.44,127.69%,51.37,0,0,0.68,0.57,0,0.04,415.69,330.2,125.89%,85.49,407.46,64.25%,63.00%,1.25%,74.75%,14.48%,15.55%,114.91%,15.80%,6.91,6.43,107.42%,6.33,4.44,4.05,109.56%,4.73,6.86,8,-1.14,10.29,13.66,8.37,10.19,3.47,
线上商城业务,商业业务,线上商城业务,线上商城业务,线上商城业务,"1,616.73","1,593.00",101.49%,23.73,"3,071.43",794.68,"1,044.50",76.08%,"2,894.65",0,0,,0.04,822.05,548.5,149.87%,176.75,50.85%,34.43%,16.41%,5.75%,68.01,111,61.27%,15.74,27.56,30.2,91.25%,16.82,0,0,0,0,0,0,726.48,407.29,178.37%,319.19,144.19,44.94%,25.57%,19.37%,4.69%,4.21%,6.97%,61.27%,0.51%,23.77,14.35,165.64%,195.15,10.68,3.67,291.12%,9.16,7.43,13.14,-5.71,2.57,9.16,6.12,8.45,0.71,
线下商超-便利店,商业业务,线下商超-便利店,,,"4,313.80","4,095.29",105.34%,218.51,"3,931.89","2,916.34","2,751.21",106.00%,"2,604.46",0,0,,0.39,"1,397.46","1,344.08",103.97%,"1,327.04",32.40%,32.82%,-0.43%,33.75%,280.89,291.88,96.23%,260.61,37.87,39.13,96.78%,40.46,0.87,0,0.6,0,0,0,"1,079.57","1,013.07",106.56%,66.5,"1,026.57",25.03%,24.74%,0.29%,26.11%,6.51%,7.13%,96.23%,6.63%,15.36,14.03,109.46%,15.09,3.84,3.47,110.74%,3.94,65.14,75.71,-10.57,72.71,4.31,3.58,3.86,0.46,
皓峰初中店,商业业务,线下商超-便利店,两校一园便利店,皓峰初中店,531.28,534.67,99.37%,-3.39,520.28,352.07,358.44,98.22%,345.03,0,0,,0,179.21,176.23,101.69%,175.24,33.73%,32.96%,0.77%,33.68%,34.84,32.82,106.15%,27.98,3.71,2.74,135.75%,2.81,0,0,0,0,0,0,140.66,140.67,99.99%,-0.01,144.46,26.48%,26.31%,0.17%,27.77%,6.56%,6.14%,106.15%,5.38%,15.25,16.29,93.61%,18.6,4.04,4.29,94.20%,5.16,7.71,8,-0.29,7.43,4.52,3.77,4.1,0.41,
皓峰高复中心店,商业业务,线下商超-便利店,两校一园便利店,皓峰高复中心店,36.28,59.99,60.48%,-23.71,0,25.1,41.99,59.77%,0,0,0,,0,11.18,18,62.13%,0,30.82%,30.00%,0.82%,,4.25,6.8,62.47%,0,1.38,1.24,111.28%,0,0,0,0,0,0,0,5.55,9.95,55.76%,-4.4,0,15.30%,16.59%,-1.29%,,11.72%,11.34%,62.47%,,8.53,8.82,96.80%,,1.31,1.46,89.26%,,0.86,1.71,-0.86,0,4.96,,3.97,0.99,
皓峰高中店,商业业务,线下商超-便利店,两校一园便利店,皓峰高中店,502.58,490.06,102.55%,12.52,488.78,332.9,329.32,101.09%,327.06,0,0,,0,169.68,160.74,105.56%,161.72,33.76%,32.80%,0.96%,33.09%,25.86,27.68,93.45%,26.47,5.25,3.06,171.74%,4.03,0,0,0,0,0,0,138.57,130.01,106.59%,8.56,131.22,27.57%,26.53%,1.04%,26.85%,5.15%,5.65%,93.45%,5.42%,19.43,17.71,109.75%,18.46,5.36,4.7,114.06%,4.96,6,7,-1,7,4.31,3.78,3.95,0.36,
皓峰国际店,商业业务,线下商超-便利店,两校一园便利店,皓峰国际店,218.7,209,104.64%,9.7,205.4,144.25,138.96,103.81%,135.99,0,0,,0,74.45,70.04,106.30%,69.41,34.04%,33.51%,0.53%,33.79%,17.58,19.77,88.94%,16.93,1.76,1.97,89.27%,1.57,0,0,0,0,0,0,55.11,48.3,114.10%,6.81,50.91,25.20%,23.11%,2.09%,24.79%,8.04%,9.46%,88.94%,8.24%,12.44,10.57,117.66%,12.13,3.13,2.44,128.30%,3.01,4.14,5,-0.86,5,4.24,3.39,3.95,0.29,
皓峰教工店,商业业务,线下商超-便利店,两校一园便利店,皓峰教工店,81.64,84.13,97.04%,-2.49,79.89,63.9,62.68,101.94%,53.2,0,0,,0.39,17.74,21.45,82.69%,26.3,21.73%,25.50%,-3.77%,32.92%,20.31,18.74,108.34%,18.82,2.19,1.81,120.72%,2,0,0,0,0,0,0,-4.76,0.9,-530.23%,-5.66,5.48,-5.83%,1.07%,-6.90%,6.86%,24.87%,22.28%,108.34%,23.55%,4.02,4.49,89.56%,4.25,-0.23,0.05,-489.40%,0.29,4.57,5,-0.43,5,4.44,3.76,3.75,0.69,
皓峰私高店,商业业务,线下商超-便利店,两校一园便利店,皓峰私高店,961.03,830,115.79%,131.03,839.56,657.47,544.48,120.75%,537.72,0,0,,0,303.56,285.52,106.32%,301.84,31.59%,34.40%,-2.81%,35.95%,44.87,43.36,103.48%,39.34,5.36,2.8,191.65%,3.71,0,0,0,0,0,0,253.33,239.36,105.84%,13.97,258.79,26.36%,28.84%,-2.48%,30.82%,4.67%,5.22%,103.48%,4.69%,21.42,19.14,111.90%,21.34,5.65,5.52,102.28%,6.58,9.43,11,-1.57,11,4.76,3.58,3.94,0.82,
皓峰天马店,商业业务,线下商超-便利店,两校一园便利店,皓峰天马店,253.97,329.9,76.98%,-75.93,345.61,169.21,221.79,76.29%,228.56,0,0,,0,84.76,108.11,78.40%,117.05,33.37%,32.77%,0.60%,33.87%,26.5,27.62,95.96%,26.25,2.6,1.76,147.59%,2.27,0,0,0,0,0,0,55.66,78.73,70.69%,-23.07,88.53,21.92%,23.87%,-1.95%,25.62%,10.44%,8.37%,95.96%,7.60%,9.58,11.95,80.22%,13.17,2.1,2.85,73.67%,3.37,6,7,-1,7,4.42,3.75,3.95,0.47,
皓峰综合店,商业业务,线下商超-便利店,两校一园便利店,皓峰综合店,440.96,481.35,91.61%,-40.39,429.22,289.76,323.27,89.63%,287.14,0,0,,0,151.2,158.07,95.65%,142.09,34.29%,32.84%,1.45%,33.10%,30.42,36.14,84.18%,35.09,5.01,3.97,126.12%,4.66,0,0,0,0,0,0,115.78,117.97,98.15%,-2.19,102.34,26.26%,24.51%,1.75%,23.84%,6.90%,7.51%,84.18%,8.18%,14.49,13.32,108.82%,12.23,3.81,3.26,116.59%,2.92,7.71,10,-2.29,10.29,3.94,3.41,3.61,0.33,
皓峰宁海1店,商业业务,线下商超-便利店,异地便利店,皓峰宁海1店,463.08,361.4,128.13%,101.68,333.42,307.89,243.8,126.29%,222.93,0,0,,0,155.19,117.6,131.96%,110.49,33.51%,32.54%,0.97%,33.14%,14.24,14.79,96.30%,12.42,-6.97,1.07,-649.74%,3.87,0.23,0,0.22,0,0,0,148.15,101.74,145.62%,46.41,94.41,31.99%,28.15%,3.84%,28.32%,3.08%,4.09%,96.30%,3.73%,32.51,24.43,133.05%,26.84,10.4,6.88,151.21%,7.6,3.43,4,-0.57,3.86,4.15,3.22,3.7,0.46,
皓峰宁海2店,商业业务,线下商超-便利店,异地便利店,皓峰宁海2店,88.51,78.33,112.99%,10.18,76.36,63.04,52.09,121.02%,48.69,0,0,,0,25.47,26.24,97.05%,27.67,28.77%,33.50%,-4.73%,36.24%,13.73,13.66,100.52%,11.1,0.74,0.96,76.84%,1.96,0,0,0,0,0,0,11,11.62,94.64%,-0.62,14.61,12.43%,14.84%,-2.41%,19.13%,15.52%,17.44%,100.52%,14.54%,6.45,5.73,112.41%,6.88,0.8,0.85,94.15%,1.32,3.43,4,-0.57,3.14,4.01,3.53,3.42,0.59,
皓峰文成店,商业业务,线下商超-便利店,异地便利店,皓峰文成店,37.29,29.3,127.27%,7.99,32.24,25.72,19.63,131.03%,19.53,0,0,,0,11.57,9.67,119.63%,12.71,31.02%,33.00%,-1.98%,39.42%,2.38,2.85,83.52%,3.22,0.2,2.98,6.59%,0.4,0,0,0.05,0,0,0,8.99,3.84,234.03%,5.15,9.14,24.11%,13.11%,11.00%,28.36%,6.39%,9.73%,83.52%,10.00%,15.65,10.27,152.38%,10,3.77,1.35,280.21%,2.84,0.86,1,-0.14,1,2.78,3.22,2.85,-0.07,
皓峰芜湖店,商业业务,线下商超-便利店,异地便利店,皓峰芜湖店,139.96,123.83,113.03%,16.13,113.81,92.56,84.4,109.67%,78.17,0,0,,0,47.4,39.43,120.22%,35.64,33.87%,31.84%,2.03%,31.32%,7.2,7.7,93.56%,7.09,0.5,0.13,374.02%,3.82,0.24,0,0.18,0,0,0,39.93,31.59,126.39%,8.34,24.91,28.53%,25.51%,3.02%,21.89%,5.15%,6.22%,93.56%,6.23%,19.43,16.08,120.81%,16.06,5.54,4.1,135.09%,3.51,1.71,2,-0.29,2,4.2,3.54,3.85,0.35,
皓峰仙桃店,商业业务,线下商超-便利店,异地便利店,皓峰仙桃店,457.32,392,116.66%,65.32,375.66,326.28,268.17,121.67%,257.25,0,0,,0,131.04,123.83,105.82%,118.42,28.65%,31.59%,-2.94%,31.52%,27.48,30.81,89.18%,27.65,10.2,5.78,176.52%,8.4,0.15,0,0,0,0,0,93.51,87.24,107.18%,6.27,82.38,20.45%,22.26%,-1.81%,21.93%,6.01%,7.86%,89.18%,7.36%,16.64,12.72,130.82%,13.59,3.4,2.83,120.19%,2.98,6.86,8,-1.14,8,4.01,3.46,3.85,0.16,
皓峰镇江店,商业业务,线下商超-便利店,异地便利店,皓峰镇江店,78.56,91.32,86.03%,-12.76,91.65,51.59,62.17,82.99%,63.2,0,0,,0,26.97,29.15,92.51%,28.45,34.32%,31.92%,2.40%,31.04%,8.19,9.13,89.64%,8.24,5.96,8.87,67.18%,0.97,0.24,0,0.15,0,0,0,13.06,11.14,117.24%,1.92,19.39,16.62%,12.20%,4.43%,21.16%,10.42%,10.00%,89.64%,9.00%,9.59,10,95.97%,11.12,1.6,1.22,130.79%,2.35,1.71,2,-0.29,2,4.78,4.12,4.57,0.21,
宁海公学文创店,商业业务,线下商超-便利店,异地便利店,宁海公学文创店,22.65,0,,22.65,0,14.59,0,,0,0,0,,0,8.06,0,,0,35.59%,,35.59%,,3.02,0,,0,0,0,,0,0,0,0,0,0,0,5.04,0,0.00%,5.04,0,22.25%,,22.25%,,13.35%,,,,7.49,-1,948.93%,,1.67,-1,366.65%,,0.71,0,0.71,0,4.23,,,,
线下商超-商业街,商业业务,线下商超-商业街,,,610.16,633.85,96.26%,-23.69,639.66,361.21,405.71,89.03%,413.99,2.42,0,,0.07,246.53,228.14,108.06%,225.6,40.40%,35.99%,4.41%,35.27%,60.38,63.09,95.70%,55.13,4.66,2.58,181.10%,9.39,0,0,0,0,0,0,181.49,162.47,111.71%,19.02,161.09,29.74%,25.63%,4.11%,25.18%,9.90%,9.95%,95.70%,8.62%,10.11,10.05,100.58%,11.6,3.01,2.58,116.72%,2.92,11.14,13,-1.86,12.57,5.42,4.39,4.85,0.57,
海实文创店,商业业务,线下商超-商业街,后勤商业街,海实文创店,256.16,269,95.23%,-12.84,276.27,154.6,181.28,85.28%,187.37,0,0,,0,101.56,87.72,115.78%,88.9,39.65%,32.61%,7.04%,32.18%,14.05,15.59,90.10%,13.55,2.49,1.11,223.25%,1.12,0,0,0,0,0,0,85.02,71.01,119.72%,14.01,74.22,33.19%,26.40%,6.79%,26.87%,5.48%,5.80%,90.10%,4.91%,18.23,17.25,105.69%,20.39,6.05,4.55,132.88%,5.48,2.57,3,-0.43,3,5.46,4.52,5.2,0.27,
教育园嗨购店,商业业务,线下商超-商业街,后勤商业街,教育园嗨购店,218,239,91.21%,-21,246.37,144.37,158.93,90.84%,161.34,0,0,,0,73.63,80.06,91.97%,85.03,33.78%,33.50%,0.28%,34.51%,18.9,18.81,100.51%,16.79,0.27,0.16,165.33%,0.37,0,0,0,0,0,0,54.47,61.1,89.15%,-6.63,67.87,24.99%,25.56%,-0.58%,27.55%,8.67%,7.87%,100.51%,6.82%,11.53,12.71,90.75%,14.67,2.88,3.25,88.70%,4.04,3.43,4,-0.57,4,5.51,4.2,4.7,0.81,
教育园咖啡店,商业业务,线下商超-商业街,后勤商业街,教育园咖啡店,54.93,50.01,109.85%,4.92,53.34,8.73,17,51.34%,14.84,2.42,0,,0.07,43.78,33,132.65%,38.43,79.70%,66.00%,13.70%,72.05%,14.3,13.96,102.40%,12.48,0.51,0.58,87.03%,0.88,0,0,0,0,0,0,28.98,18.46,156.97%,10.52,25.08,52.76%,36.92%,15.84%,47.02%,26.03%,27.92%,102.40%,23.39%,3.84,3.58,107.27%,4.28,2.03,1.32,153.29%,2.01,2.57,3,-0.43,2.86,5.56,4.37,4.65,0.91,
教育园文创店,商业业务,线下商超-商业街,后勤商业街,教育园文创店,43.51,58,75.02%,-14.49,57.45,25.45,34.22,74.37%,33.48,0,0,,0,18.06,23.78,75.96%,23.96,41.51%,41.00%,0.51%,41.71%,8.13,8.92,91.08%,0,0.99,0.2,495.27%,0,0,0,0,0,0,0,8.94,14.66,61.00%,-5.72,23.96,20.55%,25.27%,-4.72%,41.71%,18.68%,15.39%,91.08%,0.00%,5.35,6.5,82.37%,,1.1,1.64,66.98%,,1.71,2,-0.29,0,4.74,,4.46,0.28,
教育园校服店,商业业务,线下商超-商业街,后勤商业街,教育园校服店,37.56,17.85,210.42%,19.71,6.23,28.06,14.28,196.50%,16.95,0,0,,0,9.5,3.57,266.10%,-10.71,25.29%,20.00%,5.29%,-171.91%,5.01,5.81,86.22%,12.31,0.42,0.52,80.06%,7.02,0,0,0,0,0,0,4.08,-2.76,347.99%,6.84,-30.04,10.86%,-15.44%,26.31%,-482.08%,13.33%,32.53%,86.22%,197.45%,7.5,3.07,244.06%,0.51,0.81,-0.47,371.65%,-2.44,0.86,1,-0.14,2.71,5.84,4.53,5.81,0.03,
